"FREQUENCY","cellid","lat","lon"
"800MHz","1-17109-2",37.583383,127.06307
"1.8GHz(20M)","1-17109-5",37.571667,127.056814
"1.8GHz(20M)","1-17109-6",37.58455,127.044462
"800MHz","1-17109-9",37.583383,127.06307
"800MHz","1-17112-0",37.578833,127.059692
"1.8GHz(20M)","1-17112-12",37.58,127.069758
"2.1GHz(20M)","1-17112-15",37.58,127.069758
"1.8GHz(20M)","1-17112-3",37.579533,127.059707
"800MHz","1-17124-0",37.581667,127.055722
"800MHz","1-17124-1",37.567233,127.054449
"1.8GHz(20M)","1-17124-12",37.570017,127.072775
"1.8GHz(20M)","1-17124-3",37.581667,127.055722
"1.8GHz(20M)","1-17124-4",37.567233,127.054449
"2.1GHz(20M)","1-17124-6",37.573833,127.0557
"800MHz","1-17124-9",37.570017,127.072775
"800MHz","1-17128-0",37.566833,127.05078
"1.8GHz(20M)","1-17128-3",37.566833,127.05078
"800MHz","1-20229-0",37.60355,127.080584
"800MHz","1-20229-1",37.606033,127.078598
"800MHz","1-20229-10",37.6145,127.080503
"800MHz","1-20229-11",37.606267,127.081729
"1.8GHz(20M)","1-20229-12",37.6155,127.079861
"1.8GHz(20M)","1-20229-13",37.6145,127.080503
"1.8GHz(20M)","1-20229-14",37.607167,127.081694
"2.1GHz(20M)","1-20229-15",37.6155,127.079861
"800MHz","1-20229-2",37.606167,127.081581
"1.8GHz(20M)","1-20229-3",37.60355,127.080584
"1.8GHz(20M)","1-20229-4",37.606033,127.078598
"1.8GHz(20M)","1-20229-5",37.606167,127.081858
"2.1GHz(20M)","1-20229-6",37.60355,127.080584
"2.1GHz(20M)","1-20229-7",37.606933,127.07861
"800MHz","1-20229-9",37.6155,127.079861
"800MHz","1-20232-0",37.607667,127.080978
"800MHz","1-20232-1",37.590433,127.087974
"800MHz","1-20232-10",37.6184,127.085074
"800MHz","1-20232-11",37.599167,127.088556
"1.8GHz(20M)","1-20232-12",37.62,127.086972
"1.8GHz(20M)","1-20232-13",37.6184,127.085074
"1.8GHz(20M)","1-20232-14",37.59415,127.088429
"2.1GHz(20M)","1-20232-15",37.62,127.086972
"2.1GHz(20M)","1-20232-17",37.59415,127.088429
"1.8GHz(20M)","1-20232-3",37.607667,127.080978
"1.8GHz(20M)","1-20232-4",37.590433,127.087974
"1.8GHz(20M)","1-20232-5",37.592183,127.085232
"2.1GHz(20M)","1-20232-6",37.607667,127.080978
"2.1GHz(20M)","1-20232-7",37.591667,127.087972
"2.1GHz(20M)","1-20232-8",37.592183,127.085232
"800MHz","1-20232-9",37.62,127.086972
"800MHz","1-20233-0",37.590333,127.082094
"800MHz","1-20233-1",37.598,127.079889
"800MHz","1-20233-11",37.596167,127.079886
"1.8GHz(20M)","1-20233-12",37.595333,127.076511
"1.8GHz(20M)","1-20233-13",37.60355,127.080584
"1.8GHz(20M)","1-20233-14",37.596167,127.079886
"2.1GHz(20M)","1-20233-15",37.595333,127.076511
"2.1GHz(20M)","1-20233-17",37.596167,127.079886
"800MHz","1-20233-2",37.598,127.079889
"1.8GHz(20M)","1-20233-3",37.590333,127.082094
"1.8GHz(20M)","1-20233-4",37.598,127.079889
"1.8GHz(20M)","1-20233-5",37.598,127.079889
"2.1GHz(20M)","1-20233-6",37.590333,127.082094
"2.1GHz(20M)","1-20233-7",37.598,127.079889
"2.1GHz(20M)","1-20233-8",37.59805,127.079901
"800MHz","1-20233-9",37.595333,127.076511
"800MHz","1-20234-0",37.592667,127.075119
"800MHz","1-20234-1",37.583667,127.075464
"800MHz","1-20234-10",37.589,127.072642
"800MHz","1-20234-11",37.592,127.0861
"1.8GHz(20M)","1-20234-12",37.592,127.077147
"1.8GHz(20M)","1-20234-13",37.589,127.073197
"1.8GHz(20M)","1-20234-14",37.592,127.0861
"2.1GHz(20M)","1-20234-15",37.592,127.077147
"2.1GHz(20M)","1-20234-16",37.589,127.072642
"2.1GHz(20M)","1-20234-17",37.592,127.0861
"800MHz","1-20234-2",37.5908,127.075163
"1.8GHz(20M)","1-20234-3",37.592667,127.075119
"1.8GHz(20M)","1-20234-4",37.583667,127.075464
"1.8GHz(20M)","1-20234-5",37.5908,127.075163
"2.1GHz(20M)","1-20234-6",37.592667,127.075119
"2.1GHz(20M)","1-20234-7",37.583667,127.076019
"2.1GHz(20M)","1-20234-8",37.590733,127.075163
"800MHz","1-20234-9",37.592,127.077147
"800MHz","1-20236-0",37.58915,127.084494
"800MHz","1-20236-1",37.592867,127.085369
"800MHz","1-20236-10",37.599333,127.098678
"800MHz","1-20236-11",37.596667,127.089878
"1.8GHz(20M)","1-20236-12",37.588017,127.082975
"1.8GHz(20M)","1-20236-13",37.566683,127.089738
"1.8GHz(20M)","1-20236-15",37.615467,127.106217
"1.8GHz(20M)","1-20236-16",37.58385,127.100297
"1.8GHz(20M)","1-20236-17",37.576233,127.089636
"800MHz","1-20236-18",37.588017,127.082975
"800MHz","1-20236-19",37.566683,127.089738
"800MHz","1-20236-2",37.6184,127.085074
"800MHz","1-20236-27",37.6095,127.106169
"800MHz","1-20236-28",37.58385,127.100297
"800MHz","1-20236-29",37.576233,127.089636
"1.8GHz(20M)","1-20236-3",37.58915,127.084494
"1.8GHz(20M)","1-20236-4",37.592867,127.085369
"1.8GHz(20M)","1-20236-5",37.6184,127.085074
"1.8GHz(20M)","1-20236-7",37.599333,127.098678
"1.8GHz(20M)","1-20236-8",37.596667,127.089878
"800MHz","1-20238-0",37.58,127.091092
"800MHz","1-20238-1",37.581667,127.083958
"800MHz","1-20238-10",37.581667,127.092036
"800MHz","1-20238-11",37.57,127.094125
"1.8GHz(20M)","1-20238-12",37.5905,127.088114
"1.8GHz(20M)","1-20238-13",37.581667,127.092036
"1.8GHz(20M)","1-20238-14",37.5695,127.094403
"2.1GHz(20M)","1-20238-15",37.592167,127.086772
"2.1GHz(20M)","1-20238-16",37.581667,127.092036
"2.1GHz(20M)","1-20238-17",37.57,127.094125
"800MHz","1-20238-2",37.568833,127.086806
"1.8GHz(20M)","1-20238-3",37.58,127.091092
"1.8GHz(20M)","1-20238-4",37.581667,127.083958
"1.8GHz(20M)","1-20238-5",37.568833,127.086806
"2.1GHz(20M)","1-20238-6",37.58,127.091092
"2.1GHz(20M)","1-20238-7",37.57165,127.08396
"2.1GHz(20M)","1-20238-8",37.568883,127.086806
"800MHz","1-20238-9",37.592167,127.088161
"800MHz","1-20241-0",37.598917,127.096805
"800MHz","1-20241-1",37.589333,127.100992
"800MHz","1-20241-10",37.5935,127.102169
"800MHz","1-20241-11",37.595333,127.096597
"1.8GHz(20M)","1-20241-12",37.592367,127.094582
"1.8GHz(20M)","1-20241-13",37.5935,127.102169
"1.8GHz(20M)","1-20241-14",37.595667,127.096569
"2.1GHz(20M)","1-20241-15",37.592367,127.094582
"2.1GHz(20M)","1-20241-17",37.595667,127.096569
"800MHz","1-20241-2",37.59305,127.101154
"1.8GHz(20M)","1-20241-3",37.598917,127.096805
"1.8GHz(20M)","1-20241-4",37.589333,127.100992
"1.8GHz(20M)","1-20241-5",37.59305,127.101154
"2.1GHz(20M)","1-20241-6",37.598917,127.096805
"2.1GHz(20M)","1-20241-7",37.589333,127.100992
"2.1GHz(20M)","1-20241-8",37.59305,127.100876
"800MHz","1-20241-9",37.592367,127.094582
"800MHz","1-20243-0",37.598167,127.114792
"800MHz","1-20243-1",37.596167,127.098586
"1.8GHz(20M)","1-20243-12",37.601667,127.1138
"1.8GHz(20M)","1-20243-14",37.591033,127.095174
"1.8GHz(20M)","1-20243-16",37.604167,127.112383
"800MHz","1-20243-18",37.585,127.113522
"800MHz","1-20243-2",37.6149,127.114162
"800MHz","1-20243-20",37.591033,127.095174
"800MHz","1-20243-28",37.604167,127.112383
"1.8GHz(20M)","1-20243-3",37.597667,127.11565
"1.8GHz(20M)","1-20243-4",37.596167,127.098586
"1.8GHz(20M)","1-20243-5",37.6149,127.114162
"1.8GHz(20M)","1-20243-6",37.60025,127.10915
"800MHz","1-20243-9",37.60025,127.10915
"800MHz","1-20246-0",37.596433,127.085033
"800MHz","1-20246-1",37.602833,127.089708
"1.8GHz(20M)","1-20246-12",37.597183,127.103317
"1.8GHz(20M)","1-20246-14",37.5916,127.092797
"800MHz","1-20246-18",37.597183,127.103317
"800MHz","1-20246-19",37.594583,127.091447
"800MHz","1-20246-2",37.6086,127.094101
"800MHz","1-20246-20",37.5916,127.092797
"800MHz","1-20246-29",37.600417,127.113066
"1.8GHz(20M)","1-20246-3",37.596433,127.085033
"1.8GHz(20M)","1-20246-4",37.602833,127.089708
"800MHz","1-20247-0",37.591333,127.088011
"800MHz","1-20247-1",37.593017,127.091182
"800MHz","1-20247-11",37.600783,127.077784
"1.8GHz(20M)","1-20247-12",37.59045,127.076821
"1.8GHz(20M)","1-20247-13",37.59045,127.076821
"1.8GHz(20M)","1-20247-14",37.585117,127.081768
"1.8GHz(20M)","1-20247-15",37.59045,127.076821
"1.8GHz(20M)","1-20247-16",37.623067,127.106381
"1.8GHz(20M)","1-20247-17",37.58705,127.086683
"800MHz","1-20247-18",37.59045,127.076821
"800MHz","1-20247-19",37.59045,127.076821
"800MHz","1-20247-2",37.6149,127.114162
"800MHz","1-20247-20",37.585117,127.081768
"800MHz","1-20247-27",37.59045,127.076821
"800MHz","1-20247-28",37.623067,127.106381
"800MHz","1-20247-29",37.58705,127.086683
"1.8GHz(20M)","1-20247-3",37.591333,127.088011
"1.8GHz(20M)","1-20247-4",37.593017,127.091182
"1.8GHz(20M)","1-20247-5",37.6149,127.114162
"1.8GHz(20M)","1-20247-8",37.600783,127.077784
"800MHz","1-21622-0",37.59905,127.071546
"800MHz","1-21622-10",37.5741,127.081155
"800MHz","1-21622-11",37.597167,127.088825
"1.8GHz(20M)","1-21622-12",37.59905,127.071546
"1.8GHz(20M)","1-21622-13",37.5741,127.081155
"1.8GHz(20M)","1-21622-14",37.597167,127.088825
"2.1GHz(20M)","1-21622-15",37.5995,127.071622
"2.1GHz(20M)","1-21622-16",37.5741,127.081155
"2.1GHz(20M)","1-21622-17",37.597217,127.088827
"800MHz","1-21622-2",37.5823,127.080929
"1.8GHz(20M)","1-21622-3",37.59905,127.071546
"1.8GHz(20M)","1-21622-4",37.582333,127.083694
"1.8GHz(20M)","1-21622-5",37.5823,127.080929
"2.1GHz(20M)","1-21622-6",37.5995,127.071622
"2.1GHz(20M)","1-21622-7",37.582333,127.083694
"800MHz","1-21622-9",37.59905,127.071546
"800MHz","1-21911-0",37.615,127.077497
"800MHz","1-21911-1",37.59,127.091233
"800MHz","1-21911-10",37.631167,127.083281
"800MHz","1-21911-11",37.604667,127.075986
"1.8GHz(20M)","1-21911-12",37.615,127.077497
"1.8GHz(20M)","1-21911-13",37.631733,127.08313
"1.8GHz(20M)","1-21911-14",37.604667,127.075986
"2.1GHz(20M)","1-21911-15",37.615,127.077497
"2.1GHz(20M)","1-21911-16",37.631733,127.08313
"2.1GHz(20M)","1-21911-17",37.604667,127.075708
"800MHz","1-21911-2",37.607333,127.076547
"1.8GHz(20M)","1-21911-3",37.615,127.077497
"1.8GHz(20M)","1-21911-4",37.59,127.091233
"1.8GHz(20M)","1-21911-5",37.607333,127.076547
"2.1GHz(20M)","1-21911-6",37.604217,127.077417
"2.1GHz(20M)","1-21911-7",37.59,127.091233
"2.1GHz(20M)","1-21911-8",37.607333,127.076547
"800MHz","1-21911-9",37.615,127.077497
"800MHz","1-21912-0",37.585,127.079944
"800MHz","1-21912-1",37.590833,127.080161
"800MHz","1-21912-10",37.5985,127.080952
"800MHz","1-21912-11",37.596667,127.075528
"1.8GHz(20M)","1-21912-12",37.603333,127.074028
"1.8GHz(20M)","1-21912-13",37.5985,127.080397
"1.8GHz(20M)","1-21912-14",37.596667,127.075528
"2.1GHz(20M)","1-21912-15",37.603333,127.074028
"2.1GHz(20M)","1-21912-16",37.5985,127.080397
"2.1GHz(20M)","1-21912-17",37.596667,127.075528
"800MHz","1-21912-2",37.585,127.079944
"1.8GHz(20M)","1-21912-3",37.591167,127.079722
"1.8GHz(20M)","1-21912-4",37.590833,127.080161
"1.8GHz(20M)","1-21912-5",37.591167,127.079722
"2.1GHz(20M)","1-21912-6",37.591167,127.079722
"2.1GHz(20M)","1-21912-7",37.590833,127.080161
"2.1GHz(20M)","1-21912-8",37.591167,127.079722
"800MHz","1-21912-9",37.61,127.073968
"800MHz","1-22035-0",37.60945,127.106292
"800MHz","1-22035-1",37.606383,127.090805
"800MHz","1-22035-10",37.6026,127.109125
"800MHz","1-22035-11",37.621333,127.105709
"1.8GHz(20M)","1-22035-12",37.5835,127.078339
"1.8GHz(20M)","1-22035-13",37.591167,127.079722
"1.8GHz(20M)","1-22035-14",37.60185,127.099475
"1.8GHz(20M)","1-22035-15",37.583633,127.093359
"1.8GHz(20M)","1-22035-16",37.6026,127.109125
"1.8GHz(20M)","1-22035-17",37.623067,127.106381
"800MHz","1-22035-18",37.5835,127.078339
"800MHz","1-22035-19",37.591167,127.079722
"800MHz","1-22035-2",37.5839,127.084174
"800MHz","1-22035-20",37.6164,127.094809
"800MHz","1-22035-27",37.583633,127.093359
"800MHz","1-22035-28",37.6026,127.109125
"800MHz","1-22035-29",37.623067,127.106381
"1.8GHz(20M)","1-22035-3",37.60945,127.106292
"1.8GHz(20M)","1-22035-4",37.606383,127.090805
"1.8GHz(20M)","1-22035-5",37.5839,127.084174
"1.8GHz(20M)","1-22035-6",37.623067,127.106381
"1.8GHz(20M)","1-22035-7",37.6026,127.109125
"1.8GHz(20M)","1-22035-8",37.621333,127.105709
"800MHz","1-22035-9",37.623067,127.106381
"800MHz","1-22850-0",37.615,127.077275
"800MHz","1-22850-1",37.596833,127.071703
"800MHz","1-22850-10",37.595,127.074033
"800MHz","1-22850-11",37.606,127.079978
"1.8GHz(20M)","1-22850-12",37.600283,127.077247
"1.8GHz(20M)","1-22850-13",37.595,127.074033
"1.8GHz(20M)","1-22850-14",37.604133,127.079817
"2.1GHz(20M)","1-22850-17",37.612967,127.079894
"800MHz","1-22850-2",37.579667,127.080703
"1.8GHz(20M)","1-22850-3",37.615,127.077275
"1.8GHz(20M)","1-22850-4",37.596833,127.071703
"1.8GHz(20M)","1-22850-5",37.579667,127.080703
"2.1GHz(20M)","1-22850-6",37.615,127.077275
"2.1GHz(20M)","1-22850-7",37.596833,127.071703
"2.1GHz(20M)","1-22850-8",37.579667,127.080703
"800MHz","1-22850-9",37.600283,127.077247
"800MHz","1-22851-0",37.616833,127.088328
"800MHz","1-22851-1",37.594333,127.080139
"800MHz","1-22851-10",37.593833,127.078746
"800MHz","1-22851-11",37.585167,127.077878
"1.8GHz(20M)","1-22851-12",37.616333,127.087458
"1.8GHz(20M)","1-22851-13",37.593833,127.079023
"1.8GHz(20M)","1-22851-14",37.598283,127.076643
"2.1GHz(20M)","1-22851-15",37.616333,127.087458
"2.1GHz(20M)","1-22851-16",37.593833,127.078746
"800MHz","1-22851-2",37.570833,127.078169
"1.8GHz(20M)","1-22851-3",37.616833,127.088328
"1.8GHz(20M)","1-22851-4",37.594333,127.080139
"1.8GHz(20M)","1-22851-5",37.571033,127.078162
"2.1GHz(20M)","1-22851-7",37.594333,127.080139
"2.1GHz(20M)","1-22851-8",37.571033,127.078162
"800MHz","1-22851-9",37.613667,127.086906
"800MHz","1-24083-1",37.584867,127.074736
"1.8GHz(20M)","1-24083-12",37.596667,127.073203
"1.8GHz(20M)","1-24083-13",37.58855,127.078536
"1.8GHz(20M)","1-24083-14",37.603333,127.074028
"800MHz","1-24083-18",37.596667,127.073203
"800MHz","1-24083-19",37.58855,127.078536
"800MHz","1-24083-2",37.590167,127.099639
"800MHz","1-24083-20",37.603333,127.074028
"800MHz","1-24083-27",37.610217,127.094222
"1.8GHz(20M)","1-24083-3",37.593333,127.081364
"1.8GHz(20M)","1-24083-4",37.584867,127.074736
"1.8GHz(20M)","1-24083-5",37.590167,127.099639
"1.8GHz(20M)","1-24083-6",37.585517,127.073373
"800MHz","1-24083-9",37.585517,127.073373
"800MHz","1-24714-0",37.59125,127.081482
"800MHz","1-24714-1",37.572517,127.086261
"800MHz","1-24714-11",37.588833,127.083917
"1.8GHz(20M)","1-24714-12",37.585117,127.081768
"1.8GHz(20M)","1-24714-13",37.5727,127.082423
"1.8GHz(20M)","1-24714-14",37.583417,127.096113
"1.8GHz(20M)","1-24714-16",37.5846,127.07584
"800MHz","1-24714-18",37.585117,127.081768
"800MHz","1-24714-19",37.5727,127.082423
"800MHz","1-24714-2",37.589667,127.076894
"800MHz","1-24714-20",37.583417,127.096113
"800MHz","1-24714-28",37.5846,127.07584
"1.8GHz(20M)","1-24714-3",37.59125,127.081482
"1.8GHz(20M)","1-24714-4",37.572517,127.086261
"1.8GHz(20M)","1-24714-5",37.589667,127.076894
"1.8GHz(20M)","1-24714-8",37.588833,127.083917
"800MHz","1-24715-0",37.594333,127.082694
"800MHz","1-24715-1",37.579667,127.084647
"800MHz","1-24715-10",37.579833,127.080414
"1.8GHz(20M)","1-24715-12",37.575667,127.082139
"1.8GHz(20M)","1-24715-13",37.579833,127.080414
"2.1GHz(20M)","1-24715-15",37.575667,127.082139
"2.1GHz(20M)","1-24715-16",37.579833,127.080414
"800MHz","1-24715-2",37.582833,127.079697
"1.8GHz(20M)","1-24715-3",37.594333,127.082694
"1.8GHz(20M)","1-24715-4",37.579667,127.084647
"1.8GHz(20M)","1-24715-5",37.582833,127.079419
"2.1GHz(20M)","1-24715-6",37.594333,127.082694
"2.1GHz(20M)","1-24715-7",37.579667,127.084647
"2.1GHz(20M)","1-24715-8",37.582833,127.079419
"800MHz","1-24715-9",37.575667,127.082139
"800MHz","1-24716-0",37.59685,127.100139
"800MHz","1-24716-1",37.59685,127.100139
"800MHz","1-24716-10",37.6126,127.100765
"800MHz","1-24716-11",37.5815,127.089488
"1.8GHz(20M)","1-24716-12",37.59685,127.100139
"1.8GHz(20M)","1-24716-13",37.6126,127.100765
"1.8GHz(20M)","1-24716-14",37.578333,127.089639
"2.1GHz(20M)","1-24716-15",37.59685,127.100139
"2.1GHz(20M)","1-24716-16",37.6126,127.100765
"2.1GHz(20M)","1-24716-17",37.5815,127.089488
"800MHz","1-24716-2",37.595,127.097872
"1.8GHz(20M)","1-24716-3",37.59685,127.100139
"1.8GHz(20M)","1-24716-4",37.59685,127.100139
"1.8GHz(20M)","1-24716-5",37.595,127.097872
"2.1GHz(20M)","1-24716-7",37.59685,127.100139
"2.1GHz(20M)","1-24716-8",37.595,127.097872
"800MHz","1-24716-9",37.59685,127.100139
"800MHz","1-24717-0",37.586333,127.085761
"800MHz","1-24717-1",37.597333,127.094283
"800MHz","1-24717-10",37.58995,127.097334
"800MHz","1-24717-11",37.592333,127.096747
"1.8GHz(20M)","1-24717-12",37.596367,127.084278
"1.8GHz(20M)","1-24717-13",37.58995,127.097334
"1.8GHz(20M)","1-24717-14",37.592333,127.096747
"2.1GHz(20M)","1-24717-15",37.596367,127.084278
"2.1GHz(20M)","1-24717-16",37.58995,127.097334
"2.1GHz(20M)","1-24717-17",37.592333,127.096747
"800MHz","1-24717-2",37.598917,127.096805
"1.8GHz(20M)","1-24717-3",37.586333,127.085761
"1.8GHz(20M)","1-24717-4",37.599183,127.094258
"1.8GHz(20M)","1-24717-5",37.598917,127.096805
"2.1GHz(20M)","1-24717-6",37.586333,127.085761
"2.1GHz(20M)","1-24717-7",37.599183,127.094258
"2.1GHz(20M)","1-24717-8",37.598917,127.096805
"800MHz","1-24717-9",37.596367,127.084278
"800MHz","1-24718-0",37.6025,127.098172
"800MHz","1-24718-1",37.603833,127.097003
"800MHz","1-24718-10",37.6055,127.099319
"800MHz","1-24718-11",37.6039,127.098839
"1.8GHz(20M)","1-24718-12",37.610217,127.102161
"1.8GHz(20M)","1-24718-13",37.6055,127.099597
"1.8GHz(20M)","1-24718-14",37.6039,127.098839
"2.1GHz(20M)","1-24718-15",37.610217,127.102161
"2.1GHz(20M)","1-24718-16",37.6106,127.099419
"2.1GHz(20M)","1-24718-17",37.6039,127.098839
"800MHz","1-24718-2",37.6122,127.101056
"1.8GHz(20M)","1-24718-3",37.6025,127.099283
"1.8GHz(20M)","1-24718-4",37.603833,127.097003
"1.8GHz(20M)","1-24718-5",37.6122,127.101612
"2.1GHz(20M)","1-24718-6",37.6025,127.099283
"2.1GHz(20M)","1-24718-7",37.603833,127.097003
"2.1GHz(20M)","1-24718-8",37.6122,127.101056
"800MHz","1-24718-9",37.610217,127.102161
"800MHz","1-25169-0",37.61615,127.095597
"800MHz","1-25169-1",37.601833,127.096358
"800MHz","1-25169-10",37.6164,127.094809
"800MHz","1-25169-11",37.613317,127.091602
"1.8GHz(20M)","1-25169-12",37.606983,127.093481
"1.8GHz(20M)","1-25169-13",37.6164,127.094809
"1.8GHz(20M)","1-25169-14",37.613317,127.091602
"2.1GHz(20M)","1-25169-15",37.606983,127.093481
"2.1GHz(20M)","1-25169-16",37.6164,127.094809
"800MHz","1-25169-2",37.607667,127.094522
"1.8GHz(20M)","1-25169-3",37.595167,127.0849
"1.8GHz(20M)","1-25169-4",37.601833,127.096358
"1.8GHz(20M)","1-25169-5",37.603333,127.093992
"2.1GHz(20M)","1-25169-6",37.61615,127.095597
"2.1GHz(20M)","1-25169-7",37.601833,127.096358
"2.1GHz(20M)","1-25169-8",37.602333,127.093452
"800MHz","1-25169-9",37.606983,127.092926
"800MHz","1-25170-0",37.597367,127.07617
"800MHz","1-25170-1",37.597367,127.07617
"800MHz","1-25170-10",37.583433,127.074445
"800MHz","1-25170-11",37.585833,127.073306
"1.8GHz(20M)","1-25170-12",37.58635,127.075052
"1.8GHz(20M)","1-25170-13",37.583433,127.074445
"1.8GHz(20M)","1-25170-14",37.585833,127.073306
"2.1GHz(20M)","1-25170-17",37.585833,127.073306
"1.8GHz(20M)","1-25170-3",37.597367,127.07617
"1.8GHz(20M)","1-25170-4",37.597367,127.07617
"2.1GHz(20M)","1-25170-6",37.597367,127.07617
"2.1GHz(20M)","1-25170-7",37.597367,127.07617
"800MHz","1-25170-9",37.58635,127.075052
"800MHz","1-25411-0",37.61,127.074717
"800MHz","1-25411-1",37.607333,127.076331
"800MHz","1-25411-10",37.613333,127.080236
"800MHz","1-25411-11",37.606167,127.080453
"1.8GHz(20M)","1-25411-12",37.614,127.073583
"1.8GHz(20M)","1-25411-13",37.613333,127.080236
"1.8GHz(20M)","1-25411-14",37.606167,127.080453
"2.1GHz(20M)","1-25411-15",37.614,127.073583
"2.1GHz(20M)","1-25411-16",37.608333,127.080173
"1.8GHz(20M)","1-25411-3",37.6049,127.074381
"1.8GHz(20M)","1-25411-4",37.607333,127.076331
"2.1GHz(20M)","1-25411-6",37.6049,127.074381
"800MHz","1-25411-9",37.612167,127.073528
"800MHz","1-25412-1",37.611667,127.070353
"800MHz","1-25412-10",37.613833,127.070411
"800MHz","1-25412-11",37.607667,127.070539
"1.8GHz(20M)","1-25412-13",37.613833,127.070411
"1.8GHz(20M)","1-25412-14",37.613833,127.070411
"2.1GHz(20M)","1-25412-16",37.613833,127.070411
"2.1GHz(20M)","1-25412-17",37.607667,127.071361
"800MHz","1-25412-2",37.613417,127.070996
"1.8GHz(20M)","1-25412-4",37.604,127.070425
"1.8GHz(20M)","1-25412-5",37.613417,127.070996
"2.1GHz(20M)","1-25412-7",37.604,127.070425
"2.1GHz(20M)","1-25412-8",37.613417,127.070996
"800MHz","1-25413-0",37.6195,127.091278
"800MHz","1-25413-1",37.624067,127.09396
"800MHz","1-25413-1",37.610217,127.094222
"800MHz","1-25413-11",37.614617,127.099682
"1.8GHz(20M)","1-25413-12",37.605217,127.092905
"1.8GHz(20M)","1-25413-14",37.614617,127.099682
"2.1GHz(20M)","1-25413-15",37.605217,127.092905
"2.1GHz(20M)","1-25413-17",37.614617,127.099682
"800MHz","1-25413-2",37.602133,127.096301
"1.8GHz(20M)","1-25413-3",37.6195,127.091278
"1.8GHz(20M)","1-25413-4",37.624067,127.09396
"1.8GHz(20M)","1-25413-4",37.624067,127.09396
"1.8GHz(20M)","1-25413-5",37.602133,127.096301
"2.1GHz(20M)","1-25413-6",37.61955,127.091279
"2.1GHz(20M)","1-25413-7",37.6074,127.094238
"2.1GHz(20M)","1-25413-7",37.624067,127.09396
"2.1GHz(20M)","1-25413-8",37.602133,127.096301
"800MHz","1-25413-9",37.605217,127.092905
"800MHz","1-25414-0",37.582417,127.082338
"800MHz","1-25414-10",37.57,127.088556
"800MHz","1-25414-11",37.579283,127.09121
"1.8GHz(20M)","1-25414-12",37.573833,127.083917
"1.8GHz(20M)","1-25414-13",37.57,127.088556
"1.8GHz(20M)","1-25414-14",37.579283,127.09121
"2.1GHz(20M)","1-25414-15",37.573833,127.083917
"2.1GHz(20M)","1-25414-16",37.57,127.088556
"800MHz","1-25414-2",37.57,127.088556
"1.8GHz(20M)","1-25414-3",37.582417,127.082338
"1.8GHz(20M)","1-25414-4",37.573017,127.082357
"1.8GHz(20M)","1-25414-5",37.57,127.088556
"2.1GHz(20M)","1-25414-6",37.582417,127.082338
"2.1GHz(20M)","1-25414-8",37.57,127.088556
"800MHz","1-25414-9",37.573833,127.083917
"800MHz","1-25415-0",37.589583,127.092532
"800MHz","1-25415-1",37.594933,127.088188
"800MHz","1-25415-10",37.583383,127.086945
"800MHz","1-25415-11",37.596667,127.089528
"1.8GHz(20M)","1-25415-12",37.59,127.091472
"1.8GHz(20M)","1-25415-13",37.583383,127.086945
"1.8GHz(20M)","1-25415-14",37.596667,127.089528
"800MHz","1-25415-2",37.589833,127.083014
"1.8GHz(20M)","1-25415-3",37.589583,127.092532
"1.8GHz(20M)","1-25415-4",37.594933,127.088188
"1.8GHz(20M)","1-25415-5",37.589833,127.083014
"2.1GHz(20M)","1-25415-7",37.595,127.088222
"2.1GHz(20M)","1-25415-8",37.589833,127.083014
"800MHz","1-25415-9",37.59,127.091472
"800MHz","1-25416-0",37.605167,127.105331
"800MHz","1-25416-1",37.594833,127.104761
"800MHz","1-25416-10",37.5946,127.104
"800MHz","1-25416-11",37.610333,127.111017
"1.8GHz(20M)","1-25416-12",37.592033,127.082583
"1.8GHz(20M)","1-25416-13",37.5946,127.104
"1.8GHz(20M)","1-25416-14",37.610333,127.111017
"2.1GHz(20M)","1-25416-15",37.592033,127.082583
"2.1GHz(20M)","1-25416-16",37.5946,127.104
"2.1GHz(20M)","1-25416-17",37.610333,127.111017
"800MHz","1-25416-2",37.594667,127.094797
"1.8GHz(20M)","1-25416-3",37.605167,127.105331
"1.8GHz(20M)","1-25416-4",37.594833,127.104761
"1.8GHz(20M)","1-25416-5",37.594667,127.094797
"2.1GHz(20M)","1-25416-6",37.605167,127.105331
"2.1GHz(20M)","1-25416-7",37.594833,127.104761
"800MHz","1-25416-9",37.592033,127.082583
"800MHz","1-25417-0",37.596833,127.072472
"800MHz","1-25417-1",37.585667,127.093486
"800MHz","1-25417-10",37.5935,127.088928
"800MHz","1-25417-11",37.591767,127.086192
"1.8GHz(20M)","1-25417-12",37.588967,127.084199
"1.8GHz(20M)","1-25417-13",37.5935,127.088928
"1.8GHz(20M)","1-25417-14",37.591767,127.086192
"2.1GHz(20M)","1-25417-15",37.588967,127.084199
"2.1GHz(20M)","1-25417-16",37.5935,127.088928
"2.1GHz(20M)","1-25417-17",37.591767,127.086192
"800MHz","1-25417-2",37.585833,127.085972
"1.8GHz(20M)","1-25417-3",37.596833,127.072472
"1.8GHz(20M)","1-25417-4",37.585667,127.093486
"1.8GHz(20M)","1-25417-5",37.585833,127.085972
"2.1GHz(20M)","1-25417-6",37.596833,127.072472
"2.1GHz(20M)","1-25417-7",37.585667,127.093486
"2.1GHz(20M)","1-25417-8",37.585833,127.085972
"800MHz","1-25417-9",37.588967,127.084199
"800MHz","1-25418-0",37.595367,127.093228
"800MHz","1-25418-1",37.595367,127.093228
"800MHz","1-25418-10",37.591333,127.086833
"800MHz","1-25418-11",37.591483,127.091846
"1.8GHz(20M)","1-25418-12",37.595367,127.093228
"1.8GHz(20M)","1-25418-13",37.591333,127.086833
"1.8GHz(20M)","1-25418-14",37.591483,127.091846
"2.1GHz(20M)","1-25418-15",37.595367,127.093228
"2.1GHz(20M)","1-25418-16",37.594167,127.086767
"2.1GHz(20M)","1-25418-17",37.591483,127.091846
"800MHz","1-25418-2",37.598133,127.089555
"1.8GHz(20M)","1-25418-3",37.595367,127.093228
"1.8GHz(20M)","1-25418-4",37.595367,127.093228
"1.8GHz(20M)","1-25418-5",37.598133,127.089555
"2.1GHz(20M)","1-25418-6",37.595367,127.093228
"2.1GHz(20M)","1-25418-7",37.595367,127.093228
"2.1GHz(20M)","1-25418-8",37.598133,127.089555
"800MHz","1-25419-0",37.603167,127.082444
"800MHz","1-25419-1",37.613333,127.082942
"800MHz","1-25419-10",37.5915,127.084703
"800MHz","1-25419-11",37.605083,127.081481
"1.8GHz(20M)","1-25419-12",37.612167,127.0835
"1.8GHz(20M)","1-25419-13",37.5915,127.084703
"1.8GHz(20M)","1-25419-14",37.605083,127.081481
"2.1GHz(20M)","1-25419-15",37.612167,127.0835
"2.1GHz(20M)","1-25419-16",37.5915,127.084703
"2.1GHz(20M)","1-25419-17",37.605083,127.081481
"800MHz","1-25419-2",37.601667,127.085417
"1.8GHz(20M)","1-25419-3",37.603167,127.082444
"1.8GHz(20M)","1-25419-4",37.613333,127.082942
"1.8GHz(20M)","1-25419-5",37.607167,127.0849
"2.1GHz(20M)","1-25419-7",37.613333,127.082942
"2.1GHz(20M)","1-25419-8",37.601667,127.085417
"800MHz","1-25419-9",37.612167,127.0835
"800MHz","1-25420-0",37.59105,127.092336
"800MHz","1-25420-1",37.599,127.087708
"800MHz","1-25420-10",37.585167,127.093875
"800MHz","1-25420-11",37.594967,127.086567
"1.8GHz(20M)","1-25420-12",37.59105,127.092336
"1.8GHz(20M)","1-25420-13",37.585167,127.093875
"1.8GHz(20M)","1-25420-14",37.594967,127.086567
"2.1GHz(20M)","1-25420-15",37.59105,127.092336
"2.1GHz(20M)","1-25420-16",37.585183,127.093876
"2.1GHz(20M)","1-25420-17",37.594967,127.086567
"800MHz","1-25420-2",37.612667,127.0873
"1.8GHz(20M)","1-25420-3",37.59105,127.092336
"1.8GHz(20M)","1-25420-4",37.599,127.087708
"1.8GHz(20M)","1-25420-5",37.612667,127.0873
"2.1GHz(20M)","1-25420-6",37.59105,127.092336
"2.1GHz(20M)","1-25420-7",37.599,127.087708
"2.1GHz(20M)","1-25420-8",37.612667,127.0873
"800MHz","1-25420-9",37.59105,127.092336
"800MHz","1-25421-0",37.592,127.0861
"800MHz","1-25421-1",37.58355,127.085879
"800MHz","1-25421-10",37.58355,127.085879
"800MHz","1-25421-11",37.614667,127.090067
"1.8GHz(20M)","1-25421-12",37.606167,127.091992
"1.8GHz(20M)","1-25421-13",37.58355,127.085879
"1.8GHz(20M)","1-25421-14",37.608667,127.090789
"2.1GHz(20M)","1-25421-15",37.606167,127.091992
"2.1GHz(20M)","1-25421-16",37.58355,127.085879
"2.1GHz(20M)","1-25421-17",37.608667,127.090789
"800MHz","1-25421-2",37.606467,127.087629
"1.8GHz(20M)","1-25421-3",37.592,127.0861
"1.8GHz(20M)","1-25421-4",37.58355,127.085879
"1.8GHz(20M)","1-25421-5",37.606467,127.087629
"2.1GHz(20M)","1-25421-6",37.592,127.0861
"2.1GHz(20M)","1-25421-7",37.58355,127.085879
"2.1GHz(20M)","1-25421-8",37.606467,127.087629
"800MHz","1-25421-9",37.606167,127.091992
"800MHz","1-25428-0",37.601717,127.077966
"800MHz","1-25428-1",37.607167,127.074417
"800MHz","1-25428-10",37.6025,127.073133
"800MHz","1-25428-11",37.602667,127.075428
"1.8GHz(20M)","1-25428-12",37.613167,127.076447
"1.8GHz(20M)","1-25428-13",37.6025,127.073133
"1.8GHz(20M)","1-25428-14",37.602667,127.075428
"2.1GHz(20M)","1-25428-16",37.6025,127.073133
"2.1GHz(20M)","1-25428-17",37.602667,127.075428
"800MHz","1-25428-2",37.616,127.074278
"1.8GHz(20M)","1-25428-3",37.601717,127.077966
"1.8GHz(20M)","1-25428-4",37.609167,127.074353
"1.8GHz(20M)","1-25428-5",37.616,127.074
"2.1GHz(20M)","1-25428-6",37.601717,127.077966
"2.1GHz(20M)","1-25428-7",37.609167,127.074353
"800MHz","1-25428-9",37.613167,127.076447
"800MHz","1-25429-0",37.595,127.078547
"800MHz","1-25429-1",37.602167,127.079201
"800MHz","1-25429-10",37.601667,127.076356
"800MHz","1-25429-11",37.603333,127.074028
"1.8GHz(20M)","1-25429-12",37.592167,127.079544
"1.8GHz(20M)","1-25429-13",37.601667,127.076356
"1.8GHz(20M)","1-25429-14",37.603333,127.074028
"2.1GHz(20M)","1-25429-15",37.592167,127.079544
"2.1GHz(20M)","1-25429-17",37.603333,127.074028
"800MHz","1-25429-2",37.6065,127.077828
"1.8GHz(20M)","1-25429-3",37.595,127.078547
"1.8GHz(20M)","1-25429-4",37.602167,127.079201
"1.8GHz(20M)","1-25429-5",37.6065,127.077828
"2.1GHz(20M)","1-25429-6",37.595,127.078547
"2.1GHz(20M)","1-25429-7",37.602167,127.079201
"2.1GHz(20M)","1-25429-8",37.6065,127.077828
"800MHz","1-25429-9",37.592167,127.079544
"800MHz","1-25430-0",37.599833,127.076942
"800MHz","1-25430-1",37.584517,127.071387
"800MHz","1-25430-10",37.5915,127.072022
"800MHz","1-25430-11",37.588333,127.077183
"1.8GHz(20M)","1-25430-12",37.597167,127.076639
"1.8GHz(20M)","1-25430-13",37.5915,127.072022
"1.8GHz(20M)","1-25430-14",37.588333,127.076906
"2.1GHz(20M)","1-25430-15",37.597167,127.076639
"2.1GHz(20M)","1-25430-16",37.5915,127.072022
"2.1GHz(20M)","1-25430-17",37.588333,127.076906
"800MHz","1-25430-2",37.594667,127.075528
"1.8GHz(20M)","1-25430-3",37.599833,127.076942
"1.8GHz(20M)","1-25430-4",37.584517,127.071387
"1.8GHz(20M)","1-25430-5",37.594667,127.075528
"2.1GHz(20M)","1-25430-6",37.599833,127.076942
"2.1GHz(20M)","1-25430-8",37.594667,127.075528
"800MHz","1-25430-9",37.597167,127.07775
"800MHz","1-25431-0",37.573833,127.088489
"800MHz","1-25431-1",37.5735,127.095811
"800MHz","1-25431-10",37.573667,127.093156
"800MHz","1-25431-11",37.6115,127.106536
"1.8GHz(20M)","1-25431-12",37.58,127.094275
"1.8GHz(20M)","1-25431-13",37.573667,127.093156
"1.8GHz(20M)","1-25431-14",37.603333,127.106378
"2.1GHz(20M)","1-25431-16",37.573667,127.093156
"2.1GHz(20M)","1-25431-17",37.6035,127.106378
"800MHz","1-25431-2",37.607667,127.107747
"1.8GHz(20M)","1-25431-3",37.5765,127.088528
"1.8GHz(20M)","1-25431-4",37.5735,127.095811
"1.8GHz(20M)","1-25431-5",37.607667,127.107536
"2.1GHz(20M)","1-25431-6",37.598517,127.091843
"2.1GHz(20M)","1-25431-7",37.5735,127.095811
"2.1GHz(20M)","1-25431-8",37.607767,127.107536
"800MHz","1-25431-9",37.58,127.094275
"800MHz","1-25432-0",37.572833,127.086
"800MHz","1-25432-1",37.5815,127.083828
"800MHz","1-25432-10",37.577,127.085975
"1.8GHz(20M)","1-25432-12",37.572833,127.086025
"1.8GHz(20M)","1-25432-13",37.577033,127.085976
"2.1GHz(20M)","1-25432-15",37.572833,127.086025
"800MHz","1-25432-2",37.5805,127.081639
"800MHz","1-25432-2",37.58385,127.090028
"1.8GHz(20M)","1-25432-3",37.572833,127.086025
"1.8GHz(20M)","1-25432-4",37.5815,127.083828
"1.8GHz(20M)","1-25432-5",37.5805,127.081639
"1.8GHz(20M)","1-25432-5",37.58385,127.090028
"2.1GHz(20M)","1-25432-6",37.572833,127.086025
"2.1GHz(20M)","1-25432-7",37.5815,127.083828
"2.1GHz(20M)","1-25432-8",37.5805,127.081639
"2.1GHz(20M)","1-25432-8",37.58385,127.090028
"800MHz","1-25432-9",37.572833,127.086
"800MHz","1-25433-0",37.585833,127.08879
"800MHz","1-25433-1",37.598517,127.092121
"800MHz","1-25433-10",37.601017,127.099429
"800MHz","1-25433-11",37.601017,127.099429
"1.8GHz(20M)","1-25433-12",37.592167,127.089836
"1.8GHz(20M)","1-25433-13",37.601017,127.099429
"2.1GHz(20M)","1-25433-15",37.592167,127.089836
"800MHz","1-25433-2",37.585833,127.08879
"1.8GHz(20M)","1-25433-3",37.585833,127.08879
"1.8GHz(20M)","1-25433-4",37.598517,127.091843
"1.8GHz(20M)","1-25433-5",37.585833,127.08879
"2.1GHz(20M)","1-25433-6",37.585833,127.08879
"2.1GHz(20M)","1-25433-7",37.5765,127.088528
"2.1GHz(20M)","1-25433-8",37.585833,127.08879
"800MHz","1-25433-9",37.588667,127.088478
"800MHz","1-25434-0",37.599333,127.098678
"800MHz","1-25434-1",37.596167,127.101247
"800MHz","1-25434-10",37.595833,127.100442
"800MHz","1-25434-11",37.593167,127.098111
"1.8GHz(20M)","1-25434-12",37.593167,127.095731
"1.8GHz(20M)","1-25434-13",37.599333,127.099278
"1.8GHz(20M)","1-25434-13",37.595833,127.100442
"1.8GHz(20M)","1-25434-14",37.593167,127.098111
"2.1GHz(20M)","1-25434-15",37.593167,127.095731
"2.1GHz(20M)","1-25434-17",37.593167,127.098111
"800MHz","1-25434-2",37.598917,127.096805
"1.8GHz(20M)","1-25434-3",37.599333,127.098678
"1.8GHz(20M)","1-25434-4",37.596167,127.101247
"1.8GHz(20M)","1-25434-5",37.598917,127.096805
"2.1GHz(20M)","1-25434-6",37.598667,127.098811
"2.1GHz(20M)","1-25434-7",37.596167,127.101247
"2.1GHz(20M)","1-25434-8",37.598917,127.096805
"800MHz","1-25434-9",37.593167,127.095731
"800MHz","1-25435-0",37.587667,127.0972
"800MHz","1-25435-1",37.588333,127.101789
"800MHz","1-25435-10",37.594267,127.102112
"800MHz","1-25435-11",37.608833,127.104247
"1.8GHz(20M)","1-25435-12",37.616317,127.109146
"1.8GHz(20M)","1-25435-13",37.594267,127.102112
"1.8GHz(20M)","1-25435-14",37.608833,127.104247
"2.1GHz(20M)","1-25435-15",37.616317,127.109146
"2.1GHz(20M)","1-25435-16",37.594267,127.102112
"2.1GHz(20M)","1-25435-17",37.608833,127.104247
"800MHz","1-25435-2",37.593017,127.101075
"1.8GHz(20M)","1-25435-3",37.587667,127.0972
"1.8GHz(20M)","1-25435-4",37.596667,127.101828
"1.8GHz(20M)","1-25435-5",37.593017,127.101075
"2.1GHz(20M)","1-25435-6",37.587667,127.0972
"2.1GHz(20M)","1-25435-7",37.596667,127.101828
"800MHz","1-25435-9",37.616317,127.109146
"800MHz","1-25436-0",37.604167,127.105678
"800MHz","1-25436-1",37.611,127.101906
"800MHz","1-25436-10",37.605667,127.102331
"800MHz","1-25436-11",37.591,127.094078
"1.8GHz(20M)","1-25436-12",37.612983,127.104951
"1.8GHz(20M)","1-25436-13",37.605667,127.102331
"1.8GHz(20M)","1-25436-14",37.591,127.094078
"2.1GHz(20M)","1-25436-15",37.604,127.104564
"2.1GHz(20M)","1-25436-16",37.605667,127.102331
"2.1GHz(20M)","1-25436-17",37.59105,127.094079
"800MHz","1-25436-2",37.6155,127.103853
"1.8GHz(20M)","1-25436-3",37.612983,127.104951
"1.8GHz(20M)","1-25436-4",37.611,127.101906
"1.8GHz(20M)","1-25436-5",37.6155,127.103853
"2.1GHz(20M)","1-25436-6",37.604167,127.104844
"2.1GHz(20M)","1-25436-7",37.611,127.101906
"2.1GHz(20M)","1-25436-8",37.6155,127.103853
"800MHz","1-25436-9",37.604,127.104564
"800MHz","1-25437-0",37.609,127.094225
"800MHz","1-25437-1",37.605283,127.094727
"800MHz","1-25437-10",37.608333,127.087361
"800MHz","1-25437-11",37.607867,127.074998
"1.8GHz(20M)","1-25437-12",37.602833,127.094717
"1.8GHz(20M)","1-25437-13",37.608333,127.086806
"1.8GHz(20M)","1-25437-14",37.607867,127.074998
"2.1GHz(20M)","1-25437-15",37.602833,127.09555
"2.1GHz(20M)","1-25437-16",37.608333,127.086806
"2.1GHz(20M)","1-25437-17",37.607867,127.074998
"800MHz","1-25437-2",37.6164,127.094809
"1.8GHz(20M)","1-25437-3",37.602217,127.094842
"1.8GHz(20M)","1-25437-4",37.605283,127.094727
"1.8GHz(20M)","1-25437-5",37.6164,127.094809
"2.1GHz(20M)","1-25437-6",37.602217,127.094842
"2.1GHz(20M)","1-25437-7",37.6165,127.095222
"2.1GHz(20M)","1-25437-8",37.6164,127.094809
"800MHz","1-25437-9",37.6165,127.093664
"800MHz","1-25438-0",37.5975,127.076653
"800MHz","1-25438-1",37.586167,127.083744
"800MHz","1-25438-10",37.589,127.076839
"800MHz","1-25438-11",37.5882,127.082864
"1.8GHz(20M)","1-25438-12",37.58505,127.077129
"1.8GHz(20M)","1-25438-13",37.589,127.076839
"1.8GHz(20M)","1-25438-14",37.5882,127.082864
"2.1GHz(20M)","1-25438-15",37.58505,127.077129
"2.1GHz(20M)","1-25438-16",37.589,127.076839
"2.1GHz(20M)","1-25438-17",37.5882,127.082864
"800MHz","1-25438-2",37.592833,127.083044
"1.8GHz(20M)","1-25438-3",37.5975,127.076653
"1.8GHz(20M)","1-25438-4",37.586167,127.083744
"1.8GHz(20M)","1-25438-5",37.592333,127.083314
"2.1GHz(20M)","1-25438-6",37.5975,127.076653
"2.1GHz(20M)","1-25438-7",37.586167,127.083744
"2.1GHz(20M)","1-25438-8",37.592333,127.083036
"800MHz","1-25438-9",37.58505,127.077129
"800MHz","1-25439-0",37.6001,127.097779
"800MHz","1-25439-1",37.599117,127.094219
"800MHz","1-25439-10",37.606833,127.108319
"800MHz","1-25439-11",37.59155,127.073569
"1.8GHz(20M)","1-25439-12",37.604383,127.094735
"1.8GHz(20M)","1-25439-13",37.606833,127.108319
"1.8GHz(20M)","1-25439-14",37.59155,127.073569
"2.1GHz(20M)","1-25439-16",37.606833,127.108319
"800MHz","1-25439-2",37.601167,127.093065
"1.8GHz(20M)","1-25439-3",37.6001,127.097779
"1.8GHz(20M)","1-25439-4",37.599117,127.094219
"1.8GHz(20M)","1-25439-5",37.601167,127.093065
"2.1GHz(20M)","1-25439-7",37.599117,127.094219
"800MHz","1-25439-9",37.604383,127.094735
"800MHz","1-25440-0",37.618333,127.102556
"800MHz","1-25440-1",37.592367,127.095631
"800MHz","1-25440-10",37.624067,127.09396
"1.8GHz(20M)","1-25440-12",37.610483,127.103581
"1.8GHz(20M)","1-25440-13",37.624067,127.09396
"2.1GHz(20M)","1-25440-15",37.610483,127.103581
"800MHz","1-25440-2",37.6083,127.113292
"800MHz","1-25440-2",37.605167,127.102478
"1.8GHz(20M)","1-25440-3",37.6317,127.102639
"1.8GHz(20M)","1-25440-4",37.592367,127.095631
"1.8GHz(20M)","1-25440-5",37.6083,127.113292
"1.8GHz(20M)","1-25440-5",37.605,127.1022
"2.1GHz(20M)","1-25440-6",37.621,127.102661
"2.1GHz(20M)","1-25440-8",37.605167,127.102478
"2.1GHz(20M)","1-25440-8",37.6083,127.113292
"800MHz","1-25440-9",37.610483,127.103581
"800MHz","1-26499-0",37.58375,127.026688
"800MHz","1-26499-1",37.59875,127.018361
"800MHz","1-26499-10",37.594617,127.031812
"800MHz","1-26499-11",37.58375,127.026688
"1.8GHz(20M)","1-26499-13",37.594617,127.031812
"1.8GHz(20M)","1-26499-14",37.58,127.007019
"1.8GHz(20M)","1-26499-15",37.594617,127.031812
"1.8GHz(20M)","1-26499-16",37.584217,127.026692
"1.8GHz(20M)","1-26499-17",37.592667,127.037931
"800MHz","1-26499-18",37.59875,127.018361
"800MHz","1-26499-19",37.594617,127.031812
"800MHz","1-26499-2",37.58375,127.026688
"800MHz","1-26499-20",37.58,127.007019
"800MHz","1-26499-27",37.594617,127.031812
"800MHz","1-26499-28",37.584217,127.026692
"800MHz","1-26499-29",37.592667,127.037931
"1.8GHz(20M)","1-26499-4",37.59875,127.018361
"1.8GHz(20M)","1-26499-5",37.58375,127.026688
"1.8GHz(20M)","1-26499-7",37.594617,127.031812
"1.8GHz(20M)","1-26499-8",37.58375,127.026688
"800MHz","1-26499-9",37.584617,127.026676
"800MHz","1-26500-0",37.586,127.029222
"800MHz","1-26500-1",37.58485,127.028974
"800MHz","1-26500-10",37.573667,127.028272
"800MHz","1-26500-11",37.568333,127.024833
"1.8GHz(20M)","1-26500-12",37.586,127.029222
"1.8GHz(20M)","1-26500-13",37.573667,127.028272
"1.8GHz(20M)","1-26500-14",37.568333,127.024833
"2.1GHz(20M)","1-26500-15",37.586033,127.029228
"2.1GHz(20M)","1-26500-16",37.573667,127.028272
"800MHz","1-26500-2",37.568333,127.024833
"1.8GHz(20M)","1-26500-3",37.586,127.029222
"1.8GHz(20M)","1-26500-4",37.58485,127.028974
"1.8GHz(20M)","1-26500-5",37.568333,127.024833
"2.1GHz(20M)","1-26500-6",37.586383,127.029229
"2.1GHz(20M)","1-26500-7",37.58485,127.028974
"2.1GHz(20M)","1-26500-8",37.569433,127.024834
"800MHz","1-26500-9",37.586,127.029222
"800MHz","1-26501-0",37.585667,127.035069
"800MHz","1-26501-1",37.590617,127.034284
"800MHz","1-26501-10",37.585833,127.034542
"800MHz","1-26501-11",37.587333,127.033756
"1.8GHz(20M)","1-26501-12",37.585667,127.035069
"1.8GHz(20M)","1-26501-13",37.585833,127.034542
"1.8GHz(20M)","1-26501-14",37.587333,127.033756
"2.1GHz(20M)","1-26501-15",37.5857,127.03507
"2.1GHz(20M)","1-26501-16",37.585833,127.034542
"2.1GHz(20M)","1-26501-17",37.587333,127.033756
"800MHz","1-26501-2",37.5914,127.030513
"1.8GHz(20M)","1-26501-3",37.585667,127.035069
"1.8GHz(20M)","1-26501-4",37.590617,127.034284
"1.8GHz(20M)","1-26501-5",37.5914,127.030513
"2.1GHz(20M)","1-26501-6",37.5857,127.03507
"2.1GHz(20M)","1-26501-7",37.590617,127.034284
"800MHz","1-26501-9",37.585667,127.035069
"800MHz","1-26502-0",37.592167,127.028849
"800MHz","1-26502-1",37.5905,127.029267
"800MHz","1-26502-1",37.58405,127.029177
"1.8GHz(20M)","1-26502-12",37.589333,127.030267
"2.1GHz(20M)","1-26502-15",37.589333,127.030267
"800MHz","1-26502-2",37.591333,127.029606
"800MHz","1-26502-2",37.592333,127.029211
"1.8GHz(20M)","1-26502-3",37.592167,127.028849
"1.8GHz(20M)","1-26502-4",37.597717,127.029371
"1.8GHz(20M)","1-26502-4",37.597717,127.029371
"1.8GHz(20M)","1-26502-5",37.592333,127.029211
"1.8GHz(20M)","1-26502-5",37.591333,127.029606
"2.1GHz(20M)","1-26502-6",37.592167,127.028849
"2.1GHz(20M)","1-26502-7",37.590533,127.029267
"2.1GHz(20M)","1-26502-7",37.597717,127.029371
"2.1GHz(20M)","1-26502-8",37.591333,127.029606
"2.1GHz(20M)","1-26502-8",37.592333,127.029211
"800MHz","1-26502-9",37.589333,127.030267
"800MHz","1-26503-0",37.5952,127.031986
"800MHz","1-26503-1",37.5952,127.031986
"800MHz","1-26503-10",37.588367,127.030551
"800MHz","1-26503-11",37.594333,127.027822
"1.8GHz(20M)","1-26503-12",37.594933,127.031846
"1.8GHz(20M)","1-26503-13",37.588367,127.030551
"1.8GHz(20M)","1-26503-14",37.594333,127.027822
"2.1GHz(20M)","1-26503-15",37.5952,127.031986
"2.1GHz(20M)","1-26503-16",37.588367,127.030551
"2.1GHz(20M)","1-26503-17",37.594367,127.028101
"800MHz","1-26503-2",37.595167,127.029491
"1.8GHz(20M)","1-26503-3",37.594933,127.031846
"1.8GHz(20M)","1-26503-4",37.594933,127.031846
"1.8GHz(20M)","1-26503-5",37.595167,127.029491
"2.1GHz(20M)","1-26503-6",37.5952,127.031986
"2.1GHz(20M)","1-26503-7",37.5952,127.031986
"2.1GHz(20M)","1-26503-8",37.595167,127.029491
"800MHz","1-26503-9",37.595167,127.031983
"800MHz","1-26504-0",37.595333,127.027008
"800MHz","1-26504-0",37.59975,127.024861
"800MHz","1-26504-1",37.591667,127.028931
"800MHz","1-26504-1",37.585283,127.028221
"800MHz","1-26504-11",37.588,127.035117
"1.8GHz(20M)","1-26504-14",37.588,127.035117
"2.1GHz(20M)","1-26504-17",37.588033,127.035673
"800MHz","1-26504-2",37.591667,127.032373
"1.8GHz(20M)","1-26504-3",37.595333,127.027008
"1.8GHz(20M)","1-26504-3",37.59975,127.024861
"1.8GHz(20M)","1-26504-4",37.591667,127.028931
"1.8GHz(20M)","1-26504-4",37.585283,127.028221
"1.8GHz(20M)","1-26504-5",37.591667,127.032373
"2.1GHz(20M)","1-26504-6",37.59975,127.024861
"2.1GHz(20M)","1-26504-6",37.595367,127.028398
"2.1GHz(20M)","1-26504-7",37.592033,127.028931
"800MHz","1-26505-0",37.588833,127.028564
"800MHz","1-26505-1",37.59,127.023133
"800MHz","1-26505-10",37.58915,127.031704
"800MHz","1-26505-11",37.58915,127.031704
"1.8GHz(20M)","1-26505-12",37.59695,127.025267
"1.8GHz(20M)","1-26505-13",37.58915,127.031704
"1.8GHz(20M)","1-26505-14",37.58915,127.035037
"2.1GHz(20M)","1-26505-15",37.59695,127.025267
"2.1GHz(20M)","1-26505-16",37.584117,127.027375
"2.1GHz(20M)","1-26505-17",37.58915,127.025037
"800MHz","1-26505-2",37.584117,127.026264
"1.8GHz(20M)","1-26505-3",37.588833,127.028564
"1.8GHz(20M)","1-26505-4",37.59,127.023133
"1.8GHz(20M)","1-26505-5",37.584117,127.026264
"2.1GHz(20M)","1-26505-6",37.58885,127.025509
"2.1GHz(20M)","1-26505-7",37.590033,127.023134
"2.1GHz(20M)","1-26505-8",37.584117,127.027375
"800MHz","1-26505-9",37.59695,127.025267
"800MHz","1-26506-0",37.5785,127.032283
"800MHz","1-26506-1",37.578167,127.024028
"800MHz","1-26506-10",37.594167,127.033311
"800MHz","1-26506-11",37.585333,127.023167
"1.8GHz(20M)","1-26506-12",37.5775,127.024089
"1.8GHz(20M)","1-26506-13",37.594167,127.033311
"1.8GHz(20M)","1-26506-14",37.585333,127.023167
"2.1GHz(20M)","1-26506-15",37.577533,127.024367
"2.1GHz(20M)","1-26506-16",37.5942,127.033034
"2.1GHz(20M)","1-26506-17",37.585333,127.023167
"800MHz","1-26506-2",37.588,127.035117
"1.8GHz(20M)","1-26506-3",37.5785,127.032283
"1.8GHz(20M)","1-26506-4",37.578167,127.024028
"1.8GHz(20M)","1-26506-5",37.588,127.035117
"2.1GHz(20M)","1-26506-6",37.5785,127.032283
"2.1GHz(20M)","1-26506-7",37.5782,127.024033
"2.1GHz(20M)","1-26506-8",37.588033,127.035673
"800MHz","1-26506-9",37.5775,127.024089
"800MHz","1-26507-0",37.588167,127.040383
"800MHz","1-26507-1",37.584167,127.037347
"800MHz","1-26507-10",37.585833,127.036785
"800MHz","1-26507-11",37.589833,127.038804
"1.8GHz(20M)","1-26507-12",37.588117,127.039154
"1.8GHz(20M)","1-26507-13",37.585833,127.036785
"1.8GHz(20M)","1-26507-14",37.589833,127.038804
"2.1GHz(20M)","1-26507-15",37.588117,127.039154
"2.1GHz(20M)","1-26507-16",37.585833,127.036785
"2.1GHz(20M)","1-26507-17",37.589833,127.038804
"800MHz","1-26507-2",37.59795,127.037908
"1.8GHz(20M)","1-26507-3",37.588167,127.040383
"1.8GHz(20M)","1-26507-4",37.584167,127.037347
"1.8GHz(20M)","1-26507-5",37.59795,127.037908
"2.1GHz(20M)","1-26507-6",37.588167,127.040383
"2.1GHz(20M)","1-26507-7",37.584167,127.037347
"2.1GHz(20M)","1-26507-8",37.59795,127.037908
"800MHz","1-26507-9",37.588117,127.039154
"800MHz","1-26508-0",37.5955,127.037008
"800MHz","1-26508-1",37.599833,127.037981
"800MHz","1-26508-10",37.592017,127.039964
"800MHz","1-26508-11",37.5955,127.037008
"1.8GHz(20M)","1-26508-12",37.5955,127.037008
"1.8GHz(20M)","1-26508-13",37.592017,127.039964
"1.8GHz(20M)","1-26508-14",37.5955,127.037008
"2.1GHz(20M)","1-26508-15",37.5955,127.037008
"2.1GHz(20M)","1-26508-17",37.5955,127.037008
"800MHz","1-26508-2",37.595333,127.0409
"1.8GHz(20M)","1-26508-3",37.5955,127.037008
"1.8GHz(20M)","1-26508-4",37.599833,127.037981
"1.8GHz(20M)","1-26508-5",37.595333,127.0409
"2.1GHz(20M)","1-26508-6",37.5955,127.037008
"2.1GHz(20M)","1-26508-7",37.599833,127.037981
"2.1GHz(20M)","1-26508-8",37.595333,127.0409
"800MHz","1-26508-9",37.5955,127.037008
"800MHz","1-26509-0",37.5788,127.032351
"800MHz","1-26509-1",37.568667,127.038417
"800MHz","1-26509-10",37.574833,127.041011
"800MHz","1-26509-11",37.568333,127.033922
"1.8GHz(20M)","1-26509-12",37.566667,127.031347
"1.8GHz(20M)","1-26509-13",37.574833,127.041011
"1.8GHz(20M)","1-26509-14",37.568333,127.033922
"2.1GHz(20M)","1-26509-15",37.583317,127.031347
"2.1GHz(20M)","1-26509-16",37.574833,127.041011
"800MHz","1-26509-2",37.575833,127.032947
"1.8GHz(20M)","1-26509-3",37.5788,127.032351
"1.8GHz(20M)","1-26509-4",37.568667,127.038417
"1.8GHz(20M)","1-26509-5",37.575833,127.032947
"2.1GHz(20M)","1-26509-8",37.575833,127.032947
"800MHz","1-26509-9",37.566667,127.031347
"800MHz","1-26510-0",37.575367,127.038698
"800MHz","1-26510-1",37.575,127.035592
"800MHz","1-26510-10",37.5742,127.035687
"800MHz","1-26510-11",37.57155,127.038225
"1.8GHz(20M)","1-26510-12",37.574233,127.03731
"1.8GHz(20M)","1-26510-13",37.5742,127.035687
"1.8GHz(20M)","1-26510-14",37.57155,127.038225
"2.1GHz(20M)","1-26510-15",37.574233,127.03731
"2.1GHz(20M)","1-26510-16",37.5742,127.035687
"2.1GHz(20M)","1-26510-17",37.57155,127.038225
"1.8GHz(20M)","1-26510-3",37.575367,127.038698
"1.8GHz(20M)","1-26510-4",37.575,127.035592
"2.1GHz(20M)","1-26510-6",37.575333,127.037586
"2.1GHz(20M)","1-26510-7",37.575,127.035592
"800MHz","1-26510-9",37.574233,127.03731
"800MHz","1-26511-0",37.590333,127.042847
"800MHz","1-26511-1",37.5855,127.034203
"800MHz","1-26511-10",37.578833,127.033472
"800MHz","1-26511-11",37.57305,127.043639
"1.8GHz(20M)","1-26511-12",37.59385,127.03755
"1.8GHz(20M)","1-26511-13",37.578833,127.033472
"1.8GHz(20M)","1-26511-14",37.57305,127.043639
"2.1GHz(20M)","1-26511-16",37.578833,127.033472
"800MHz","1-26511-2",37.593683,127.0448
"1.8GHz(20M)","1-26511-3",37.590333,127.042847
"1.8GHz(20M)","1-26511-4",37.5855,127.034203
"1.8GHz(20M)","1-26511-5",37.593683,127.0448
"2.1GHz(20M)","1-26511-6",37.590333,127.042847
"2.1GHz(20M)","1-26511-7",37.5855,127.034203
"800MHz","1-26511-9",37.59385,127.03755
"800MHz","1-26512-0",37.581333,127.044536
"800MHz","1-26512-1",37.586667,127.049086
"800MHz","1-26512-10",37.593333,127.047389
"1.8GHz(20M)","1-26512-12",37.571867,127.048732
"1.8GHz(20M)","1-26512-13",37.593333,127.047389
"2.1GHz(20M)","1-26512-15",37.571867,127.048732
"2.1GHz(20M)","1-26512-16",37.593517,127.047392
"800MHz","1-26512-2",37.5794,127.048043
"800MHz","1-26512-2",37.571867,127.048732
"1.8GHz(20M)","1-26512-3",37.581333,127.044536
"1.8GHz(20M)","1-26512-4",37.586667,127.049086
"1.8GHz(20M)","1-26512-5",37.571867,127.048732
"1.8GHz(20M)","1-26512-5",37.5794,127.048043
"2.1GHz(20M)","1-26512-6",37.581333,127.044536
"2.1GHz(20M)","1-26512-7",37.586667,127.049086
"2.1GHz(20M)","1-26512-8",37.571867,127.048732
"2.1GHz(20M)","1-26512-8",37.5794,127.048043
"800MHz","1-26512-9",37.571867,127.048732
"800MHz","1-26513-0",37.581917,127.042725
"800MHz","1-26513-1",37.5775,127.04455
"800MHz","1-26513-10",37.579817,127.041611
"800MHz","1-26513-11",37.576667,127.041139
"1.8GHz(20M)","1-26513-12",37.5775,127.04455
"1.8GHz(20M)","1-26513-13",37.579817,127.041611
"1.8GHz(20M)","1-26513-14",37.580733,127.041363
"2.1GHz(20M)","1-26513-15",37.5775,127.04455
"2.1GHz(20M)","1-26513-17",37.580733,127.041363
"800MHz","1-26513-2",37.5775,127.04455
"1.8GHz(20M)","1-26513-3",37.581917,127.042725
"1.8GHz(20M)","1-26513-4",37.5775,127.04455
"1.8GHz(20M)","1-26513-5",37.5775,127.04455
"2.1GHz(20M)","1-26513-6",37.581917,127.042725
"2.1GHz(20M)","1-26513-7",37.5775,127.04455
"2.1GHz(20M)","1-26513-8",37.5775,127.044272
"800MHz","1-26513-9",37.5775,127.04455
"800MHz","1-26514-0",37.5725,127.047828
"800MHz","1-26514-1",37.578667,127.047169
"800MHz","1-26514-10",37.589167,127.041633
"800MHz","1-26514-11",37.572167,127.046986
"1.8GHz(20M)","1-26514-12",37.571533,127.049004
"1.8GHz(20M)","1-26514-13",37.589167,127.041633
"1.8GHz(20M)","1-26514-14",37.572167,127.046986
"2.1GHz(20M)","1-26514-15",37.571533,127.049004
"2.1GHz(20M)","1-26514-16",37.589167,127.041633
"2.1GHz(20M)","1-26514-17",37.572167,127.046986
"800MHz","1-26514-2",37.58,127.0469
"1.8GHz(20M)","1-26514-3",37.571533,127.049004
"1.8GHz(20M)","1-26514-4",37.578667,127.047169
"1.8GHz(20M)","1-26514-5",37.58,127.046344
"2.1GHz(20M)","1-26514-6",37.571533,127.049004
"2.1GHz(20M)","1-26514-7",37.578667,127.047169
"2.1GHz(20M)","1-26514-8",37.58,127.046344
"800MHz","1-26514-9",37.571533,127.049004
"800MHz","1-26515-0",37.574017,127.039974
"800MHz","1-26515-1",37.580333,127.037067
"800MHz","1-26515-10",37.5775,127.037928
"800MHz","1-26515-11",37.5775,127.037928
"1.8GHz(20M)","1-26515-12",37.580667,127.040817
"1.8GHz(20M)","1-26515-13",37.5775,127.037928
"1.8GHz(20M)","1-26515-14",37.5775,127.037928
"2.1GHz(20M)","1-26515-15",37.580667,127.040817
"2.1GHz(20M)","1-26515-16",37.5775,127.037928
"2.1GHz(20M)","1-26515-17",37.5775,127.037928
"800MHz","1-26515-2",37.5775,127.037928
"1.8GHz(20M)","1-26515-3",37.574017,127.039974
"1.8GHz(20M)","1-26515-4",37.580333,127.037067
"1.8GHz(20M)","1-26515-5",37.5775,127.037928
"2.1GHz(20M)","1-26515-7",37.580333,127.037067
"2.1GHz(20M)","1-26515-8",37.5775,127.037928
"800MHz","1-26515-9",37.580667,127.040817
"800MHz","1-26516-0",37.5705,127.032714
"800MHz","1-26516-1",37.5795,127.033997
"800MHz","1-26516-11",37.575767,127.033846
"1.8GHz(20M)","1-26516-12",37.575883,127.030089
"1.8GHz(20M)","1-26516-14",37.575767,127.033846
"800MHz","1-26516-2",37.582817,127.034426
"1.8GHz(20M)","1-26516-3",37.5705,127.032714
"1.8GHz(20M)","1-26516-4",37.5795,127.033997
"1.8GHz(20M)","1-26516-4",37.581917,127.032446
"1.8GHz(20M)","1-26516-5",37.582817,127.034426
"2.1GHz(20M)","1-26516-7",37.5795,127.033997
"2.1GHz(20M)","1-26516-8",37.582817,127.034426
"800MHz","1-26516-9",37.575883,127.030089
"800MHz","1-26517-0",37.582667,127.030214
"800MHz","1-26517-1",37.582667,127.028667
"800MHz","1-26517-10",37.573833,127.028786
"1.8GHz(20M)","1-26517-12",37.569833,127.029156
"1.8GHz(20M)","1-26517-13",37.567117,127.028916
"2.1GHz(20M)","1-26517-15",37.573833,127.028786
"2.1GHz(20M)","1-26517-16",37.573833,127.028786
"1.8GHz(20M)","1-26517-3",37.582667,127.030214
"1.8GHz(20M)","1-26517-4",37.569833,127.029156
"2.1GHz(20M)","1-26517-6",37.582667,127.030214
"2.1GHz(20M)","1-26517-7",37.573833,127.028786
"800MHz","1-26517-9",37.573833,127.028786
"800MHz","1-26518-0",37.582,127.036844
"800MHz","1-26518-1",37.57705,127.024483
"800MHz","1-26518-10",37.581333,127.02375
"800MHz","1-26518-11",37.581333,127.02375
"1.8GHz(20M)","1-26518-12",37.574667,127.026292
"1.8GHz(20M)","1-26518-13",37.581333,127.02375
"1.8GHz(20M)","1-26518-14",37.581333,127.02375
"2.1GHz(20M)","1-26518-15",37.574667,127.026292
"2.1GHz(20M)","1-26518-16",37.581333,127.02375
"2.1GHz(20M)","1-26518-17",37.581333,127.02375
"800MHz","1-26518-2",37.573667,127.040867
"1.8GHz(20M)","1-26518-3",37.5685,127.036628
"1.8GHz(20M)","1-26518-4",37.57705,127.024483
"1.8GHz(20M)","1-26518-5",37.573667,127.040867
"2.1GHz(20M)","1-26518-6",37.5685,127.036628
"2.1GHz(20M)","1-26518-7",37.57705,127.024483
"800MHz","1-26518-9",37.574667,127.026292
"800MHz","1-26519-0",37.571467,127.028117
"800MHz","1-26519-1",37.568383,127.030063
"800MHz","1-26519-10",37.568383,127.030063
"800MHz","1-26519-11",37.567167,127.025683
"1.8GHz(20M)","1-26519-12",37.568383,127.030063
"1.8GHz(20M)","1-26519-13",37.568383,127.030063
"1.8GHz(20M)","1-26519-14",37.567167,127.025683
"2.1GHz(20M)","1-26519-15",37.568383,127.030063
"2.1GHz(20M)","1-26519-16",37.568383,127.030063
"800MHz","1-26519-2",37.570833,127.032461
"800MHz","1-26519-2",37.58,127.030769
"1.8GHz(20M)","1-26519-3",37.571467,127.028117
"1.8GHz(20M)","1-26519-4",37.568383,127.030063
"1.8GHz(20M)","1-26519-5",37.58,127.031047
"1.8GHz(20M)","1-26519-5",37.570833,127.032461
"2.1GHz(20M)","1-26519-6",37.571467,127.028117
"2.1GHz(20M)","1-26519-7",37.568383,127.030063
"2.1GHz(20M)","1-26519-8",37.58,127.031047
"2.1GHz(20M)","1-26519-8",37.570833,127.032461
"800MHz","1-26519-9",37.579,127.030167
"800MHz","1-26520-0",37.569667,127.026894
"800MHz","1-26520-1",37.574667,127.025875
"800MHz","1-26520-10",37.578833,127.028168
"800MHz","1-26520-11",37.571,127.029481
"1.8GHz(20M)","1-26520-12",37.568333,127.029028
"1.8GHz(20M)","1-26520-13",37.578833,127.028168
"1.8GHz(20M)","1-26520-14",37.571083,127.029481
"2.1GHz(20M)","1-26520-15",37.568333,127.029028
"2.1GHz(20M)","1-26520-16",37.578833,127.028168
"2.1GHz(20M)","1-26520-17",37.571083,127.029481
"800MHz","1-26520-2",37.571,127.029478
"1.8GHz(20M)","1-26520-3",37.569667,127.026894
"1.8GHz(20M)","1-26520-4",37.574667,127.025875
"1.8GHz(20M)","1-26520-5",37.571083,127.029481
"2.1GHz(20M)","1-26520-6",37.569667,127.026894
"2.1GHz(20M)","1-26520-7",37.574667,127.025875
"2.1GHz(20M)","1-26520-8",37.571083,127.029481
"800MHz","1-26520-9",37.568333,127.029028
"800MHz","1-26521-0",37.59825,127.048578
"800MHz","1-26521-1",37.598333,127.049094
"800MHz","1-26521-10",37.589,127.049936
"800MHz","1-26521-11",37.599,127.050492
"1.8GHz(20M)","1-26521-12",37.598333,127.049094
"1.8GHz(20M)","1-26521-13",37.589,127.049936
"1.8GHz(20M)","1-26521-14",37.593567,127.051563
"2.1GHz(20M)","1-26521-15",37.598333,127.049094
"2.1GHz(20M)","1-26521-16",37.589,127.049936
"2.1GHz(20M)","1-26521-17",37.599,127.050492
"800MHz","1-26521-2",37.595833,127.051156
"1.8GHz(20M)","1-26521-3",37.59825,127.048578
"1.8GHz(20M)","1-26521-4",37.598333,127.049094
"1.8GHz(20M)","1-26521-5",37.595833,127.051156
"2.1GHz(20M)","1-26521-7",37.598333,127.049094
"2.1GHz(20M)","1-26521-8",37.595833,127.051156
"800MHz","1-26521-9",37.598333,127.049094
"800MHz","1-26522-0",37.593167,127.054831
"800MHz","1-26522-1",37.587767,127.053944
"800MHz","1-26522-10",37.570467,127.048028
"800MHz","1-26522-11",37.598667,127.054025
"1.8GHz(20M)","1-26522-12",37.593567,127.051563
"1.8GHz(20M)","1-26522-13",37.570467,127.048028
"1.8GHz(20M)","1-26522-14",37.598667,127.054025
"2.1GHz(20M)","1-26522-15",37.592,127.051531
"800MHz","1-26522-2",37.576333,127.041458
"1.8GHz(20M)","1-26522-3",37.593167,127.054831
"1.8GHz(20M)","1-26522-4",37.587767,127.053944
"1.8GHz(20M)","1-26522-5",37.576333,127.041458
"2.1GHz(20M)","1-26522-7",37.587767,127.053944
"2.1GHz(20M)","1-26522-8",37.576333,127.041458
"800MHz","1-26522-9",37.592,127.051531
"800MHz","1-26538-0",37.581333,127.02375
"800MHz","1-26538-1",37.566667,127.030834
"800MHz","1-26538-10",37.573617,127.028304
"800MHz","1-26538-11",37.660333,127.019025
"1.8GHz(20M)","1-26538-12",37.577183,127.026459
"1.8GHz(20M)","1-26538-13",37.573617,127.028304
"1.8GHz(20M)","1-26538-14",37.660333,127.019025
"2.1GHz(20M)","1-26538-17",37.660333,127.019025
"800MHz","1-26538-2",37.660333,127.019025
"1.8GHz(20M)","1-26538-3",37.581333,127.02375
"1.8GHz(20M)","1-26538-4",37.566667,127.030834
"1.8GHz(20M)","1-26538-5",37.660333,127.019025
"2.1GHz(20M)","1-26538-6",37.581333,127.02375
"2.1GHz(20M)","1-26538-8",37.660333,127.019025
"800MHz","1-26538-9",37.577183,127.026459
"800MHz","1-26539-0",37.5775,127.024381
"800MHz","1-26539-1",37.577633,127.022819
"800MHz","1-26539-10",37.569267,127.022673
"800MHz","1-26539-11",37.569167,127.027695
"1.8GHz(20M)","1-26539-12",37.578333,127.023867
"1.8GHz(20M)","1-26539-13",37.569267,127.022673
"1.8GHz(20M)","1-26539-14",37.569167,127.027695
"2.1GHz(20M)","1-26539-15",37.578333,127.023867
"2.1GHz(20M)","1-26539-17",37.568683,127.027695
"800MHz","1-26539-2",37.5814,127.027194
"1.8GHz(20M)","1-26539-3",37.5775,127.024381
"1.8GHz(20M)","1-26539-4",37.577633,127.022819
"1.8GHz(20M)","1-26539-5",37.5814,127.027471
"2.1GHz(20M)","1-26539-6",37.5775,127.024381
"2.1GHz(20M)","1-26539-7",37.577633,127.022819
"2.1GHz(20M)","1-26539-8",37.5814,127.027471
"800MHz","1-26539-9",37.578333,127.023867
"800MHz","1-26540-0",37.593333,127.047222
"800MHz","1-26540-1",37.59445,127.04222
"800MHz","1-26540-10",37.59665,127.04073
"800MHz","1-26540-11",37.595,127.043833
"1.8GHz(20M)","1-26540-12",37.588017,127.046192
"1.8GHz(20M)","1-26540-13",37.59665,127.04073
"1.8GHz(20M)","1-26540-14",37.595,127.043833
"2.1GHz(20M)","1-26540-16",37.59665,127.04073
"800MHz","1-26540-2",37.593933,127.047631
"1.8GHz(20M)","1-26540-3",37.593333,127.046111
"1.8GHz(20M)","1-26540-4",37.59445,127.04222
"1.8GHz(20M)","1-26540-5",37.593933,127.046519
"800MHz","1-26540-9",37.588017,127.046192
"800MHz","1-26541-0",37.59865,127.048293
"800MHz","1-26541-1",37.598683,127.063727
"800MHz","1-26541-10",37.59205,127.068106
"800MHz","1-26541-11",37.592667,127.067483
"1.8GHz(20M)","1-26541-12",37.587833,127.064875
"1.8GHz(20M)","1-26541-13",37.59205,127.068106
"1.8GHz(20M)","1-26541-14",37.583333,127.067222
"2.1GHz(20M)","1-26541-15",37.587833,127.064875
"2.1GHz(20M)","1-26541-17",37.583333,127.067222
"800MHz","1-26541-2",37.594583,127.065373
"1.8GHz(20M)","1-26541-3",37.59865,127.048293
"1.8GHz(20M)","1-26541-4",37.598683,127.063727
"1.8GHz(20M)","1-26541-5",37.594583,127.065373
"2.1GHz(20M)","1-26541-8",37.594583,127.065373
"800MHz","1-26541-9",37.587833,127.064875
"800MHz","1-26542-0",37.60425,127.05764
"800MHz","1-26542-1",37.589333,127.059861
"800MHz","1-26542-10",37.608,127.059858
"800MHz","1-26542-11",37.586833,127.056025
"1.8GHz(20M)","1-26542-12",37.615,127.054914
"1.8GHz(20M)","1-26542-13",37.608,127.059858
"1.8GHz(20M)","1-26542-14",37.586833,127.056025
"2.1GHz(20M)","1-26542-16",37.608,127.059858
"2.1GHz(20M)","1-26542-17",37.586833,127.056025
"800MHz","1-26542-2",37.5851,127.057385
"800MHz","1-26542-2",37.599,127.057369
"1.8GHz(20M)","1-26542-3",37.60425,127.05764
"1.8GHz(20M)","1-26542-4",37.589333,127.059861
"1.8GHz(20M)","1-26542-5",37.596667,127.057369
"1.8GHz(20M)","1-26542-5",37.5851,127.057385
"2.1GHz(20M)","1-26542-7",37.589333,127.059861
"2.1GHz(20M)","1-26542-8",37.58535,127.057401
"800MHz","1-26542-9",37.615,127.054914
"800MHz","1-26543-0",37.596667,127.065056
"800MHz","1-26543-1",37.577567,127.030818
"800MHz","1-26543-10",37.596667,127.060947
"800MHz","1-26543-11",37.585,127.0676
"1.8GHz(20M)","1-26543-12",37.597833,127.068822
"1.8GHz(20M)","1-26543-13",37.598333,127.060947
"1.8GHz(20M)","1-26543-14",37.596667,127.067622
"2.1GHz(20M)","1-26543-15",37.597833,127.068822
"2.1GHz(20M)","1-26543-16",37.598333,127.060947
"2.1GHz(20M)","1-26543-17",37.596667,127.067622
"800MHz","1-26543-2",37.595667,127.067556
"1.8GHz(20M)","1-26543-3",37.596667,127.065083
"1.8GHz(20M)","1-26543-4",37.577567,127.030818
"1.8GHz(20M)","1-26543-5",37.595667,127.067556
"2.1GHz(20M)","1-26543-6",37.5967,127.065089
"2.1GHz(20M)","1-26543-8",37.595667,127.067556
"800MHz","1-26543-9",37.596,127.068836
"800MHz","1-26544-1",37.5667,127.047522
"800MHz","1-26544-10",37.593883,127.058279
"800MHz","1-26544-11",37.5887,127.048827
"1.8GHz(20M)","1-26544-12",37.5676,127.041676
"1.8GHz(20M)","1-26544-14",37.591933,127.038026
"1.8GHz(20M)","1-26544-15",37.591933,127.038026
"1.8GHz(20M)","1-26544-16",37.59575,127.058707
"1.8GHz(20M)","1-26544-17",37.566033,127.064159
"800MHz","1-26544-18",37.5676,127.041676
"800MHz","1-26544-2",37.591933,127.038026
"800MHz","1-26544-20",37.591933,127.038026
"800MHz","1-26544-27",37.591933,127.038026
"800MHz","1-26544-28",37.59575,127.058707
"800MHz","1-26544-29",37.566033,127.064159
"1.8GHz(20M)","1-26544-3",37.607833,127.071258
"1.8GHz(20M)","1-26544-4",37.5667,127.047522
"1.8GHz(20M)","1-26544-5",37.566033,127.064159
"1.8GHz(20M)","1-26544-6",37.591933,127.038026
"1.8GHz(20M)","1-26544-7",37.593883,127.058279
"1.8GHz(20M)","1-26544-8",37.586433,127.049123
"1.8GHz(20M)","1-26544-8",37.586433,127.048846
"1.8GHz(20M)","1-26544-8",37.586433,127.049401
"1.8GHz(20M)","1-26544-8",37.586433,127.048846
"800MHz","1-26544-9",37.591933,127.038026
"800MHz","1-26545-0",37.593233,127.064448
"800MHz","1-26545-10",37.591933,127.038026
"800MHz","1-26545-11",37.568483,127.033953
"1.8GHz(20M)","1-26545-12",37.59045,127.076821
"1.8GHz(20M)","1-26545-13",37.591933,127.038026
"1.8GHz(20M)","1-26545-16",37.566033,127.064159
"1.8GHz(20M)","1-26545-17",37.588167,127.067569
"800MHz","1-26545-18",37.59045,127.076821
"800MHz","1-26545-19",37.591933,127.038026
"800MHz","1-26545-20",37.582417,127.030933
"800MHz","1-26545-28",37.566033,127.064159
"800MHz","1-26545-29",37.588167,127.067569
"1.8GHz(20M)","1-26545-3",37.593233,127.064448
"1.8GHz(20M)","1-26545-6",37.58455,127.044462
"1.8GHz(20M)","1-26545-7",37.591933,127.038026
"1.8GHz(20M)","1-26545-8",37.568483,127.033953
"800MHz","1-26545-9",37.58455,127.044462
"800MHz","1-26546-0",37.566033,127.064159
"800MHz","1-26546-1",37.566033,127.064159
"800MHz","1-26546-10",37.574,127.026184
"1.8GHz(20M)","1-26546-12",37.566033,127.064159
"1.8GHz(20M)","1-26546-13",37.566833,126.998079
"1.8GHz(20M)","1-26546-16",37.574783,127.038858
"1.8GHz(20M)","1-26546-17",37.578133,127.036512
"800MHz","1-26546-18",37.566033,127.064159
"800MHz","1-26546-19",37.566833,126.998079
"800MHz","1-26546-2",37.5674,127.026184
"800MHz","1-26546-27",37.568717,127.03769
"800MHz","1-26546-28",37.574783,127.038858
"800MHz","1-26546-29",37.578133,127.036512
"1.8GHz(20M)","1-26546-4",37.566033,127.064159
"1.8GHz(20M)","1-26546-7",37.574,127.026184
"800MHz","1-26547-0",37.591517,127.058569
"800MHz","1-26547-1",37.592017,127.060146
"800MHz","1-26547-10",37.599,127.058922
"800MHz","1-26547-11",37.5955,127.058844
"1.8GHz(20M)","1-26547-12",37.591517,127.058569
"1.8GHz(20M)","1-26547-13",37.599,127.058922
"1.8GHz(20M)","1-26547-14",37.5955,127.058844
"2.1GHz(20M)","1-26547-15",37.591517,127.058569
"2.1GHz(20M)","1-26547-17",37.595533,127.058845
"800MHz","1-26547-2",37.591517,127.058569
"1.8GHz(20M)","1-26547-3",37.591517,127.058569
"1.8GHz(20M)","1-26547-4",37.592017,127.060146
"1.8GHz(20M)","1-26547-5",37.591517,127.058569
"2.1GHz(20M)","1-26547-6",37.591517,127.058569
"2.1GHz(20M)","1-26547-7",37.592017,127.060146
"800MHz","1-26547-9",37.591517,127.058569
"800MHz","1-26573-0",37.585667,127.093486
"800MHz","1-26573-1",37.595,127.082692
"800MHz","1-26573-10",37.594833,127.101456
"1.8GHz(20M)","1-26573-12",37.583417,127.081112
"1.8GHz(20M)","1-26573-13",37.594833,127.101456
"800MHz","1-26573-2",37.593167,127.100742
"1.8GHz(20M)","1-26573-3",37.585667,127.093486
"1.8GHz(20M)","1-26573-4",37.595,127.082692
"1.8GHz(20M)","1-26573-5",37.593167,127.100742
"2.1GHz(20M)","1-26573-8",37.593233,127.100743
"800MHz","1-26573-9",37.583417,127.081112
"800MHz","1-26574-0",37.577333,127.090389
"800MHz","1-26574-1",37.574167,127.086003
"800MHz","1-26574-10",37.5777,127.085792
"800MHz","1-26574-11",37.593767,127.091394
"1.8GHz(20M)","1-26574-12",37.56675,127.093335
"1.8GHz(20M)","1-26574-13",37.5777,127.085792
"1.8GHz(20M)","1-26574-14",37.593767,127.091394
"2.1GHz(20M)","1-26574-16",37.5777,127.085792
"800MHz","1-26574-2",37.572,127.087108
"1.8GHz(20M)","1-26574-3",37.577333,127.090389
"1.8GHz(20M)","1-26574-4",37.574167,127.086003
"1.8GHz(20M)","1-26574-5",37.572,127.087108
"2.1GHz(20M)","1-26574-6",37.577333,127.090389
"2.1GHz(20M)","1-26574-7",37.574167,127.086003
"2.1GHz(20M)","1-26574-8",37.572,127.087108
"800MHz","1-26574-9",37.56675,127.093335
"800MHz","1-26575-0",37.604667,127.084958
"800MHz","1-26575-1",37.607667,127.098197
"800MHz","1-26575-10",37.614667,127.079708
"800MHz","1-26575-11",37.610483,127.103581
"1.8GHz(20M)","1-26575-12",37.614667,127.079708
"1.8GHz(20M)","1-26575-13",37.614667,127.079708
"1.8GHz(20M)","1-26575-14",37.610483,127.103581
"2.1GHz(20M)","1-26575-15",37.614667,127.079431
"2.1GHz(20M)","1-26575-16",37.614667,127.079708
"2.1GHz(20M)","1-26575-17",37.610483,127.103581
"800MHz","1-26575-2",37.607633,127.100067
"1.8GHz(20M)","1-26575-3",37.604667,127.084958
"1.8GHz(20M)","1-26575-4",37.607667,127.098197
"1.8GHz(20M)","1-26575-5",37.607633,127.100067
"2.1GHz(20M)","1-26575-6",37.604667,127.084958
"2.1GHz(20M)","1-26575-7",37.607767,127.098198
"800MHz","1-26575-9",37.614667,127.079708
"800MHz","1-26757-0",37.603533,127.095748
"800MHz","1-26757-1",37.59045,127.076821
"800MHz","1-26757-10",37.584583,127.105812
"800MHz","1-26757-11",37.609167,127.097953
"1.8GHz(20M)","1-26757-12",37.607783,127.094336
"1.8GHz(20M)","1-26757-13",37.584583,127.105812
"1.8GHz(20M)","1-26757-14",37.609167,127.097953
"2.1GHz(20M)","1-26757-15",37.607783,127.094336
"2.1GHz(20M)","1-26757-17",37.60925,127.097954
"800MHz","1-26757-2",37.604983,127.099034
"1.8GHz(20M)","1-26757-3",37.603533,127.095748
"1.8GHz(20M)","1-26757-4",37.59045,127.076821
"1.8GHz(20M)","1-26757-5",37.604983,127.099034
"2.1GHz(20M)","1-26757-8",37.604983,127.099034
"800MHz","1-26757-9",37.607783,127.094336
"800MHz","1-27839-0",37.583083,127.035712
"800MHz","1-27839-1",37.596433,127.058629
"1.8GHz(20M)","1-27839-12",37.5785,127.032283
"1.8GHz(20M)","1-27839-13",37.59,127.040083
"2.1GHz(20M)","1-27839-15",37.5785,127.032283
"2.1GHz(20M)","1-27839-16",37.59,127.040083
"1.8GHz(20M)","1-27839-3",37.583083,127.035712
"1.8GHz(20M)","1-27839-4",37.596433,127.058629
"2.1GHz(20M)","1-27839-7",37.596433,127.058629
"800MHz","1-27839-9",37.5785,127.032283
"800MHz","1-27926-0",37.577933,127.060452
"800MHz","1-27926-1",37.581117,127.050298
"800MHz","1-27926-2",37.58165,127.050165
"1.8GHz(20M)","1-27926-3",37.577933,127.060452
"1.8GHz(20M)","1-27926-4",37.581117,127.050298
"1.8GHz(20M)","1-27926-5",37.58165,127.050165
"800MHz","1-27927-0",37.551017,127.060575
"1.8GHz(20M)","1-27927-14",37.566033,127.064159
"800MHz","1-27927-20",37.566033,127.064159
"800MHz","1-27928-0",37.57375,127.075111
"800MHz","1-27928-0",37.57375,127.075111
"800MHz","1-27928-10",37.5689,127.074977
"1.8GHz(20M)","1-27928-13",37.577233,127.068657
"800MHz","1-27928-18",37.57375,127.075111
"800MHz","1-27928-19",37.577233,127.068657
"1.8GHz(20M)","1-27928-3",37.57375,127.075111
"1.8GHz(20M)","1-27928-3",37.57375,127.075111
"1.8GHz(20M)","1-27928-3",37.57375,127.075111
"800MHz","1-27929-0",37.566033,127.064159
"800MHz","1-27929-1",37.5667,127.064724
"1.8GHz(20M)","1-27929-12",37.566767,127.066389
"1.8GHz(20M)","1-27929-14",37.553617,127.061104
"800MHz","1-27929-18",37.566767,127.066389
"800MHz","1-27929-2",37.5995,127.055556
"800MHz","1-27929-20",37.553617,127.061104
"1.8GHz(20M)","1-27929-3",37.566033,127.064159
"1.8GHz(20M)","1-27929-4",37.5667,127.064724
"800MHz","1-27930-0",37.570167,127.071892
"800MHz","1-27930-1",37.58,127.057077
"800MHz","1-27930-10",37.5788,127.057976
"1.8GHz(20M)","1-27930-12",37.556167,127.070686
"1.8GHz(20M)","1-27930-13",37.5788,127.057976
"1.8GHz(20M)","1-27930-3",37.569133,127.072158
"2.1GHz(20M)","1-27930-6",37.568833,127.072158
"800MHz","1-27930-9",37.556167,127.070686
"1.8GHz(20M)","1-27931-12",37.571917,127.067906
"1.8GHz(20M)","1-27931-13",37.559767,127.047272
"800MHz","1-27931-18",37.571917,127.067906
"800MHz","1-27931-19",37.559767,127.047272
"800MHz","1-27932-0",37.571583,127.064921
"800MHz","1-27932-10",37.565917,127.05765
"800MHz","1-27932-11",37.574833,127.049694
"1.8GHz(20M)","1-27932-12",37.57675,127.04942
"1.8GHz(20M)","1-27932-13",37.565917,127.05765
"1.8GHz(20M)","1-27932-14",37.574833,127.049694
"1.8GHz(20M)","1-27932-3",37.571583,127.064921
"800MHz","1-27932-9",37.574167,127.049606
"800MHz","1-27933-0",37.566783,127.050556
"800MHz","1-27933-1",37.55135,127.056415
"1.8GHz(20M)","1-27933-3",37.566783,127.050556
"800MHz","1-29424-1",37.585,127.055919
"1.8GHz(20M)","1-29424-11",37.585,127.055919
"1.8GHz(20M)","1-29424-12",37.585,127.055919
"1.8GHz(20M)","1-29424-14",37.585633,127.055209
"1.8GHz(20M)","1-29424-15",37.593,127.056942
"1.8GHz(20M)","1-29424-17",37.595633,127.051922
"1.8GHz(20M)","1-29424-18",37.5914,127.053692
"800MHz","1-29424-2",37.585,127.055919
"2.1GHz(20M)","1-29424-21",37.585,127.055919
"2.1GHz(20M)","1-29424-22",37.585,127.055919
"2.1GHz(20M)","1-29424-25",37.593,127.056942
"2.1GHz(20M)","1-29424-27",37.595633,127.051922
"2.1GHz(20M)","1-29424-28",37.5914,127.053692
"800MHz","1-29424-4",37.585633,127.055209
"2.6GHz","1-29424-41",37.58585,127.505934
"2.6GHz","1-29424-45",37.597333,127.056989
"2.6GHz","1-29424-47",37.595417,127.051935
"800MHz","1-29424-5",37.593,127.056942
"800MHz","1-29424-7",37.595633,127.051922
"800MHz","1-29424-8",37.5914,127.053692
"800MHz","1-29425-1",37.585833,127.054081
"1.8GHz(20M)","1-29425-11",37.585833,127.054081
"1.8GHz(20M)","1-29425-12",37.585833,127.054081
"1.8GHz(20M)","1-29425-14",37.586017,127.055699
"1.8GHz(20M)","1-29425-15",37.588583,127.056521
"1.8GHz(20M)","1-29425-17",37.588767,127.05833
"1.8GHz(20M)","1-29425-18",37.585933,127.058016
"800MHz","1-29425-2",37.585833,127.054081
"2.1GHz(20M)","1-29425-21",37.585833,127.054081
"2.1GHz(20M)","1-29425-22",37.585833,127.054081
"2.1GHz(20M)","1-29425-24",37.586017,127.055699
"2.1GHz(20M)","1-29425-25",37.588583,127.056521
"2.1GHz(20M)","1-29425-27",37.585933,127.058016
"2.1GHz(20M)","1-29425-28",37.585933,127.058016
"800MHz","1-29425-4",37.586017,127.055699
"2.6GHz","1-29425-41",37.592983,127.05411
"2.6GHz","1-29425-42",37.592983,127.05411
"2.6GHz","1-29425-44",37.588383,127.505471
"800MHz","1-29425-5",37.588583,127.056521
"800MHz","1-29425-7",37.585933,127.058016
"800MHz","1-29425-8",37.585933,127.058016
"800MHz","1-29426-1",37.595167,127.056225
"1.8GHz(20M)","1-29426-11",37.594283,127.056265
"1.8GHz(20M)","1-29426-12",37.58705,127.055009
"1.8GHz(20M)","1-29426-14",37.59375,127.057756
"1.8GHz(20M)","1-29426-15",37.594,127.053133
"1.8GHz(20M)","1-29426-17",37.587883,127.049843
"1.8GHz(20M)","1-29426-18",37.590833,127.050361
"800MHz","1-29426-2",37.58705,127.055009
"2.1GHz(20M)","1-29426-21",37.594283,127.056265
"2.1GHz(20M)","1-29426-22",37.58705,127.055287
"2.1GHz(20M)","1-29426-25",37.594033,127.053134
"2.1GHz(20M)","1-29426-27",37.587883,127.049843
"2.1GHz(20M)","1-29426-28",37.596833,127.053125
"800MHz","1-29426-4",37.59375,127.057756
"2.6GHz","1-29426-45",37.595817,127.053161
"800MHz","1-29426-5",37.594,127.053133
"800MHz","1-29426-7",37.587883,127.049843
"800MHz","1-29426-8",37.590833,127.050361
"800MHz","1-29427-1",37.583333,127.068789
"1.8GHz(20M)","1-29427-11",37.583333,127.068789
"1.8GHz(20M)","1-29427-12",37.591333,127.067386
"1.8GHz(20M)","1-29427-14",37.614,127.064047
"1.8GHz(20M)","1-29427-15",37.593667,127.065806
"1.8GHz(20M)","1-29427-17",37.589167,127.064861
"1.8GHz(20M)","1-29427-18",37.596833,127.06535
"800MHz","1-29427-2",37.591333,127.067386
"2.1GHz(20M)","1-29427-21",37.609167,127.068414
"2.1GHz(20M)","1-29427-22",37.591333,127.067386
"2.1GHz(20M)","1-29427-24",37.597333,127.064047
"2.1GHz(20M)","1-29427-25",37.593667,127.065806
"2.1GHz(20M)","1-29427-28",37.596833,127.06535
"800MHz","1-29427-4",37.614,127.064047
"2.6GHz","1-29427-42",37.59245,127.067411
"2.6GHz","1-29427-44",37.584867,127.06408
"2.6GHz","1-29427-45",37.596333,127.065603
"2.6GHz","1-29427-48",37.597817,127.065304
"800MHz","1-29427-5",37.593667,127.065806
"800MHz","1-29427-7",37.589167,127.064861
"800MHz","1-29427-8",37.596833,127.06535
"800MHz","1-29428-1",37.5878,127.062912
"1.8GHz(20M)","1-29428-11",37.5878,127.062912
"1.8GHz(20M)","1-29428-12",37.588167,127.062967
"1.8GHz(20M)","1-29428-14",37.594233,127.063743
"1.8GHz(20M)","1-29428-15",37.590333,127.062483
"1.8GHz(20M)","1-29428-17",37.586517,127.063292
"1.8GHz(20M)","1-29428-18",37.586517,127.063292
"800MHz","1-29428-2",37.588167,127.062967
"2.1GHz(20M)","1-29428-21",37.5878,127.062912
"2.1GHz(20M)","1-29428-22",37.5882,127.062967
"2.1GHz(20M)","1-29428-24",37.594233,127.063743
"2.1GHz(20M)","1-29428-25",37.590367,127.062484
"2.1GHz(20M)","1-29428-27",37.586517,127.063292
"2.1GHz(20M)","1-29428-28",37.586517,127.063292
"800MHz","1-29428-4",37.594233,127.063743
"2.6GHz","1-29428-41",37.583967,127.062783
"2.6GHz","1-29428-42",37.59195,127.063036
"2.6GHz","1-29428-44",37.594617,127.062984
"2.6GHz","1-29428-45",37.590333,127.062469
"800MHz","1-29428-5",37.590333,127.062483
"800MHz","1-29428-7",37.586517,127.063292
"800MHz","1-29428-8",37.586517,127.063292
"800MHz","1-29429-1",37.57,127.047717
"1.8GHz(20M)","1-29429-11",37.57,127.047717
"1.8GHz(20M)","1-29429-12",37.57,127.047717
"1.8GHz(20M)","1-29429-14",37.591667,127.061349
"1.8GHz(20M)","1-29429-15",37.574517,127.044567
"1.8GHz(20M)","1-29429-17",37.574517,127.044567
"1.8GHz(20M)","1-29429-18",37.5765,127.041081
"800MHz","1-29429-2",37.57,127.047717
"2.1GHz(20M)","1-29429-21",37.57,127.046606
"2.1GHz(20M)","1-29429-22",37.57,127.046606
"2.1GHz(20M)","1-29429-24",37.591667,127.061349
"2.1GHz(20M)","1-29429-25",37.574517,127.044567
"2.1GHz(20M)","1-29429-27",37.574517,127.044567
"800MHz","1-29429-4",37.591667,127.061349
"800MHz","1-29429-5",37.574517,127.044567
"800MHz","1-29429-7",37.574517,127.044567
"800MHz","1-29429-8",37.5765,127.041081
"800MHz","1-29430-1",37.595817,127.054477
"1.8GHz(20M)","1-29430-11",37.595817,127.054477
"1.8GHz(20M)","1-29430-12",37.594283,127.055432
"1.8GHz(20M)","1-29430-14",37.594283,127.050709
"1.8GHz(20M)","1-29430-15",37.58705,127.053065
"1.8GHz(20M)","1-29430-17",37.594167,127.053241
"1.8GHz(20M)","1-29430-18",37.587783,127.056772
"800MHz","1-29430-2",37.599333,127.055417
"2.1GHz(20M)","1-29430-21",37.595817,127.054477
"2.1GHz(20M)","1-29430-22",37.594283,127.055432
"2.1GHz(20M)","1-29430-24",37.594283,127.055432
"2.1GHz(20M)","1-29430-25",37.58705,127.054732
"2.1GHz(20M)","1-29430-27",37.599033,127.052034
"2.1GHz(20M)","1-29430-28",37.587783,127.056772
"800MHz","1-29430-4",37.589167,127.055403
"800MHz","1-29430-5",37.58705,127.053065
"800MHz","1-29430-7",37.5875,127.053767
"800MHz","1-29430-8",37.587783,127.056772
"800MHz","1-29431-1",37.594833,127.063967
"1.8GHz(20M)","1-29431-11",37.6115,127.063967
"1.8GHz(20M)","1-29431-12",37.606833,127.061831
"1.8GHz(20M)","1-29431-14",37.585467,127.060492
"1.8GHz(20M)","1-29431-15",37.5915,127.061489
"1.8GHz(20M)","1-29431-17",37.611833,127.064883
"1.8GHz(20M)","1-29431-18",37.589,127.063111
"800MHz","1-29431-2",37.606833,127.061831
"2.1GHz(20M)","1-29431-21",37.6115,127.063967
"2.1GHz(20M)","1-29431-22",37.60675,127.061846
"2.1GHz(20M)","1-29431-24",37.585467,127.060492
"2.1GHz(20M)","1-29431-25",37.5915,127.061489
"2.1GHz(20M)","1-29431-27",37.611833,127.064883
"800MHz","1-29431-4",37.585467,127.060492
"2.6GHz","1-29431-41",37.614,127.064092
"2.6GHz","1-29431-42",37.60675,127.061846
"2.6GHz","1-29431-44",37.587683,127.060314
"2.6GHz","1-29431-45",37.595783,127.061493
"2.6GHz","1-29431-47",37.611833,127.064883
"2.6GHz","1-29431-48",37.59275,127.063126
"800MHz","1-29431-5",37.5915,127.061489
"800MHz","1-29431-7",37.611833,127.064883
"800MHz","1-29431-8",37.589,127.063111
"800MHz","1-29432-1",37.609667,127.066567
"1.8GHz(20M)","1-29432-11",37.609667,127.066567
"1.8GHz(20M)","1-29432-12",37.5835,127.06751
"1.8GHz(20M)","1-29432-14",37.604333,127.066225
"1.8GHz(20M)","1-29432-15",37.61095,127.063704
"1.8GHz(20M)","1-29432-17",37.61095,127.063704
"1.8GHz(20M)","1-29432-18",37.5955,127.054342
"800MHz","1-29432-2",37.5835,127.06751
"2.1GHz(20M)","1-29432-21",37.609667,127.066567
"2.1GHz(20M)","1-29432-22",37.609167,127.067229
"2.1GHz(20M)","1-29432-24",37.604333,127.066225
"2.1GHz(20M)","1-29432-25",37.615667,127.063975
"2.1GHz(20M)","1-29432-27",37.61095,127.065093
"2.1GHz(20M)","1-29432-28",37.5955,127.054342
"800MHz","1-29432-4",37.604333,127.066225
"2.6GHz","1-29432-45",37.6014,127.064044
"2.6GHz","1-29432-47",37.6014,127.065433
"2.6GHz","1-29432-48",37.595917,127.054304
"800MHz","1-29432-5",37.615667,127.063975
"800MHz","1-29432-7",37.6,127.065178
"800MHz","1-29432-8",37.5955,127.054342
"800MHz","1-29433-1",37.596667,127.047761
"1.8GHz(20M)","1-29433-11",37.596667,127.047761
"1.8GHz(20M)","1-29433-12",37.591833,127.047139
"1.8GHz(20M)","1-29433-14",37.596667,127.047761
"1.8GHz(20M)","1-29433-15",37.595,127.046246
"1.8GHz(20M)","1-29433-17",37.590333,127.043403
"1.8GHz(20M)","1-29433-18",37.590333,127.042847
"800MHz","1-29433-2",37.591833,127.047139
"2.1GHz(20M)","1-29433-21",37.596667,127.047761
"2.1GHz(20M)","1-29433-22",37.591833,127.047139
"2.1GHz(20M)","1-29433-24",37.596667,127.047761
"2.1GHz(20M)","1-29433-25",37.595,127.046246
"2.1GHz(20M)","1-29433-27",37.594167,127.043472
"2.1GHz(20M)","1-29433-28",37.590367,127.042848
"800MHz","1-29433-4",37.596667,127.047761
"2.6GHz","1-29433-41",37.59495,127.047761
"2.6GHz","1-29433-42",37.588167,127.047001
"2.6GHz","1-29433-44",37.59495,127.047823
"2.6GHz","1-29433-48",37.591783,127.042866
"800MHz","1-29433-5",37.595,127.046246
"800MHz","1-29433-7",37.594167,127.043472
"800MHz","1-29433-8",37.5886,127.042829
"800MHz","1-29434-1",37.587083,127.065726
"1.8GHz(20M)","1-29434-11",37.587083,127.065726
"1.8GHz(20M)","1-29434-12",37.5943,127.061929
"1.8GHz(20M)","1-29434-14",37.592167,127.061761
"1.8GHz(20M)","1-29434-15",37.59735,127.058848
"1.8GHz(20M)","1-29434-17",37.583333,127.060556
"1.8GHz(20M)","1-29434-18",37.586167,127.058642
"800MHz","1-29434-2",37.594167,127.061925
"2.1GHz(20M)","1-29434-22",37.5943,127.060818
"2.1GHz(20M)","1-29434-24",37.592167,127.061761
"2.1GHz(20M)","1-29434-27",37.598867,127.060618
"2.1GHz(20M)","1-29434-28",37.586167,127.058642
"800MHz","1-29434-4",37.592,127.061758
"2.6GHz","1-29434-42",37.5902,127.060784
"2.6GHz","1-29434-44",37.59295,127.061757
"2.6GHz","1-29434-45",37.586333,127.058789
"2.6GHz","1-29434-48",37.589883,127.058621
"800MHz","1-29434-5",37.59735,127.058848
"800MHz","1-29434-7",37.583333,127.060556
"800MHz","1-29434-8",37.586167,127.058642
"800MHz","1-29435-1",37.5962,127.067048
"1.8GHz(20M)","1-29435-11",37.5962,127.067048
"1.8GHz(20M)","1-29435-12",37.599333,127.063006
"1.8GHz(20M)","1-29435-14",37.591667,127.061349
"1.8GHz(20M)","1-29435-15",37.591667,127.061349
"1.8GHz(20M)","1-29435-17",37.589333,127.066547
"1.8GHz(20M)","1-29435-18",37.589333,127.066547
"800MHz","1-29435-2",37.599333,127.063003
"2.1GHz(20M)","1-29435-21",37.5962,127.067048
"2.1GHz(20M)","1-29435-22",37.599333,127.063006
"2.1GHz(20M)","1-29435-24",37.589333,127.061269
"2.1GHz(20M)","1-29435-25",37.589333,127.061269
"2.1GHz(20M)","1-29435-27",37.589333,127.066547
"2.1GHz(20M)","1-29435-28",37.589333,127.066547
"800MHz","1-29435-4",37.589333,127.061269
"2.6GHz","1-29435-42",37.584217,127.063139
"2.6GHz","1-29435-44",37.59325,127.061269
"2.6GHz","1-29435-45",37.59325,127.061269
"2.6GHz","1-29435-47",37.586183,127.066613
"2.6GHz","1-29435-48",37.586183,127.066613
"800MHz","1-29435-5",37.589333,127.061269
"800MHz","1-29435-7",37.589333,127.066547
"800MHz","1-29435-8",37.597333,127.066535
"800MHz","1-29436-1",37.594283,127.059321
"1.8GHz(20M)","1-29436-11",37.594283,127.059321
"1.8GHz(20M)","1-29436-12",37.584667,127.060697
"1.8GHz(20M)","1-29436-14",37.588333,127.055478
"1.8GHz(20M)","1-29436-15",37.5985,127.060683
"1.8GHz(20M)","1-29436-17",37.5855,127.058361
"1.8GHz(20M)","1-29436-18",37.587967,127.056787
"800MHz","1-29436-2",37.584667,127.060697
"2.1GHz(20M)","1-29436-21",37.594283,127.059321
"2.1GHz(20M)","1-29436-22",37.584667,127.060697
"2.1GHz(20M)","1-29436-25",37.598517,127.060686
"2.1GHz(20M)","1-29436-27",37.5855,127.058333
"2.1GHz(20M)","1-29436-28",37.587967,127.056787
"800MHz","1-29436-4",37.588333,127.055478
"2.6GHz","1-29436-41",37.597267,127.509237
"2.6GHz","1-29436-42",37.585417,127.060635
"2.6GHz","1-29436-44",37.599683,127.055488
"2.6GHz","1-29436-45",37.592667,127.037931
"2.6GHz","1-29436-47",37.587683,127.05836
"2.6GHz","1-29436-48",37.5908,127.056791
"800MHz","1-29436-5",37.592667,127.037931
"800MHz","1-29436-7",37.5855,127.058333
"800MHz","1-29436-8",37.587967,127.056787
"800MHz","1-29437-1",37.567417,127.04779
"1.8GHz(20M)","1-29437-11",37.567417,127.04779
"1.8GHz(20M)","1-29437-12",37.567417,127.04779
"1.8GHz(20M)","1-29437-14",37.576167,127.039108
"1.8GHz(20M)","1-29437-15",37.567417,127.04779
"1.8GHz(20M)","1-29437-17",37.567417,127.04779
"1.8GHz(20M)","1-29437-18",37.566717,127.03778
"800MHz","1-29437-2",37.567417,127.04779
"2.1GHz(20M)","1-29437-21",37.567417,127.04779
"2.1GHz(20M)","1-29437-22",37.567417,127.04779
"2.1GHz(20M)","1-29437-24",37.576167,127.039108
"2.1GHz(20M)","1-29437-25",37.567417,127.04779
"2.1GHz(20M)","1-29437-27",37.567417,127.04779
"800MHz","1-29437-4",37.576167,127.038553
"2.6GHz","1-29437-44",37.569167,127.038603
"800MHz","1-29437-5",37.567417,127.04779
"800MHz","1-29437-7",37.567417,127.04779
"800MHz","1-29437-8",37.566717,127.03778
"800MHz","1-29438-1",37.586033,127.053062
"1.8GHz(20M)","1-29438-11",37.586033,127.053062
"1.8GHz(20M)","1-29438-12",37.596667,127.052864
"1.8GHz(20M)","1-29438-14",37.590833,127.050361
"1.8GHz(20M)","1-29438-15",37.587017,127.051866
"1.8GHz(20M)","1-29438-17",37.587017,127.051866
"1.8GHz(20M)","1-29438-18",37.599,127.053139
"800MHz","1-29438-2",37.596667,127.052864
"2.1GHz(20M)","1-29438-21",37.592667,127.037931
"2.1GHz(20M)","1-29438-22",37.596667,127.052864
"2.1GHz(20M)","1-29438-24",37.599533,127.048561
"2.1GHz(20M)","1-29438-25",37.59905,127.051762
"2.1GHz(20M)","1-29438-27",37.599033,127.051756
"2.1GHz(20M)","1-29438-28",37.599033,127.051756
"800MHz","1-29438-4",37.590833,127.050361
"2.6GHz","1-29438-42",37.596667,127.052944
"800MHz","1-29438-5",37.587017,127.051866
"800MHz","1-29438-7",37.587017,127.051866
"800MHz","1-29438-8",37.587017,127.051866
"800MHz","1-29760-1",37.596133,127.068318
"1.8GHz(20M)","1-29760-11",37.596133,127.068318
"1.8GHz(20M)","1-29760-12",37.596133,127.068318
"1.8GHz(20M)","1-29760-14",37.596667,127.071
"1.8GHz(20M)","1-29760-15",37.56975,127.069122
"1.8GHz(20M)","1-29760-17",37.580333,127.068278
"1.8GHz(20M)","1-29760-18",37.577133,127.069324
"800MHz","1-29760-2",37.596133,127.068318
"2.1GHz(20M)","1-29760-21",37.596133,127.068318
"2.1GHz(20M)","1-29760-22",37.596133,127.068318
"2.1GHz(20M)","1-29760-24",37.596667,127.071
"2.1GHz(20M)","1-29760-25",37.582167,127.069161
"2.1GHz(20M)","1-29760-27",37.580333,127.068278
"2.1GHz(20M)","1-29760-28",37.577667,127.069306
"800MHz","1-29760-4",37.596667,127.071
"2.6GHz","1-29760-41",37.5923,127.068337
"2.6GHz","1-29760-42",37.5923,127.068337
"2.6GHz","1-29760-45",37.577767,127.068891
"800MHz","1-29760-5",37.582167,127.068883
"800MHz","1-29760-7",37.580333,127.068278
"800MHz","1-29760-8",37.577667,127.069306
"800MHz","1-29761-1",37.57675,127.059389
"1.8GHz(20M)","1-29761-11",37.57675,127.059389
"1.8GHz(20M)","1-29761-12",37.56,127.059556
"1.8GHz(20M)","1-29761-14",37.582817,127.051523
"1.8GHz(20M)","1-29761-15",37.5591,127.055434
"1.8GHz(20M)","1-29761-17",37.56895,127.063207
"1.8GHz(20M)","1-29761-18",37.568517,127.063184
"800MHz","1-29761-2",37.56,127.059556
"2.1GHz(20M)","1-29761-21",37.57675,127.059389
"2.1GHz(20M)","1-29761-22",37.56,127.061222
"2.1GHz(20M)","1-29761-24",37.58,127.056708
"2.1GHz(20M)","1-29761-27",37.581,127.063031
"2.1GHz(20M)","1-29761-28",37.581,127.063031
"800MHz","1-29761-4",37.564467,127.056741
"2.6GHz","1-29761-41",37.5768,127.059385
"2.6GHz","1-29761-42",37.557617,127.061142
"800MHz","1-29761-5",37.5591,127.055434
"800MHz","1-29761-7",37.581,127.063031
"800MHz","1-29761-8",37.581,127.063031
"800MHz","1-29762-1",37.577167,127.062472
"1.8GHz(20M)","1-29762-11",37.577167,127.062472
"1.8GHz(20M)","1-29762-12",37.5735,127.061069
"1.8GHz(20M)","1-29762-14",37.576417,127.061152
"1.8GHz(20M)","1-29762-15",37.577017,127.06045
"1.8GHz(20M)","1-29762-17",37.5824,127.059319
"1.8GHz(20M)","1-29762-18",37.5824,127.059319
"800MHz","1-29762-2",37.5735,127.061069
"2.1GHz(20M)","1-29762-21",37.57725,127.062479
"2.1GHz(20M)","1-29762-22",37.5735,127.061069
"2.1GHz(20M)","1-29762-24",37.573167,127.061372
"2.1GHz(20M)","1-29762-25",37.577017,127.06045
"2.1GHz(20M)","1-29762-27",37.581267,127.059293
"2.1GHz(20M)","1-29762-28",37.571133,127.059293
"800MHz","1-29762-4",37.576517,127.061152
"2.6GHz","1-29762-41",37.567717,127.062225
"2.6GHz","1-29762-44",37.573717,127.061177
"2.6GHz","1-29762-48",37.57685,127.059316
"800MHz","1-29762-5",37.577017,127.06045
"800MHz","1-29762-7",37.577383,127.059254
"800MHz","1-29762-8",37.571133,127.059293
"800MHz","1-29763-1",37.57515,127.074956
"1.8GHz(20M)","1-29763-11",37.57515,127.074956
"1.8GHz(20M)","1-29763-12",37.5754,127.07034
"1.8GHz(20M)","1-29763-14",37.56015,127.072122
"1.8GHz(20M)","1-29763-15",37.565167,127.070331
"1.8GHz(20M)","1-29763-17",37.55735,127.067098
"1.8GHz(20M)","1-29763-18",37.560667,127.069139
"800MHz","1-29763-2",37.577783,127.07053
"2.1GHz(20M)","1-29763-21",37.57515,127.074956
"2.1GHz(20M)","1-29763-22",37.5754,127.07034
"2.1GHz(20M)","1-29763-24",37.56015,127.072122
"2.1GHz(20M)","1-29763-25",37.565167,127.070331
"2.1GHz(20M)","1-29763-27",37.55735,127.070153
"2.1GHz(20M)","1-29763-28",37.560667,127.069139
"800MHz","1-29763-4",37.561167,127.072147
"2.6GHz","1-29763-41",37.57515,127.074956
"2.6GHz","1-29763-45",37.55265,127.07063
"2.6GHz","1-29763-48",37.55125,127.069156
"800MHz","1-29763-5",37.565167,127.070331
"800MHz","1-29763-7",37.55735,127.067098
"800MHz","1-29763-8",37.560667,127.069139
"800MHz","1-29764-1",37.568333,127.074069
"1.8GHz(20M)","1-29764-11",37.568333,127.074069
"1.8GHz(20M)","1-29764-12",37.568333,127.074069
"1.8GHz(20M)","1-29764-14",37.570767,127.075769
"1.8GHz(20M)","1-29764-15",37.56,127.067089
"1.8GHz(20M)","1-29764-17",37.578667,127.072306
"1.8GHz(20M)","1-29764-18",37.570667,127.07385
"800MHz","1-29764-2",37.568333,127.074069
"2.1GHz(20M)","1-29764-21",37.568333,127.074069
"2.1GHz(20M)","1-29764-22",37.568333,127.074069
"2.1GHz(20M)","1-29764-24",37.570767,127.075769
"2.1GHz(20M)","1-29764-25",37.56,127.067367
"2.1GHz(20M)","1-29764-27",37.578667,127.072306
"2.1GHz(20M)","1-29764-28",37.570667,127.07385
"800MHz","1-29764-4",37.570767,127.075769
"2.6GHz","1-29764-44",37.570767,127.075769
"2.6GHz","1-29764-45",37.5591,127.06714
"2.6GHz","1-29764-47",37.5799,127.072403
"2.6GHz","1-29764-48",37.5671,127.073662
"800MHz","1-29764-5",37.56,127.067089
"800MHz","1-29764-7",37.578667,127.072306
"800MHz","1-29764-8",37.570667,127.07385
"800MHz","1-29765-1",37.587,127.053528
"1.8GHz(20M)","1-29765-11",37.586817,127.053601
"1.8GHz(20M)","1-29765-12",37.586817,127.053601
"1.8GHz(20M)","1-29765-14",37.586817,127.053601
"1.8GHz(20M)","1-29765-15",37.591333,127.051254
"1.8GHz(20M)","1-29765-17",37.59985,127.051319
"1.8GHz(20M)","1-29765-18",37.577167,127.051083
"800MHz","1-29765-2",37.587,127.053528
"2.1GHz(20M)","1-29765-21",37.58715,127.053601
"2.1GHz(20M)","1-29765-22",37.587017,127.053528
"2.1GHz(20M)","1-29765-24",37.587017,127.053528
"2.1GHz(20M)","1-29765-25",37.591333,127.051254
"2.1GHz(20M)","1-29765-27",37.5905,127.051197
"2.1GHz(20M)","1-29765-28",37.577167,127.051083
"800MHz","1-29765-4",37.587,127.053528
"2.6GHz","1-29765-45",37.584133,127.051254
"800MHz","1-29765-5",37.591333,127.051254
"800MHz","1-29765-7",37.5905,127.051197
"800MHz","1-29765-8",37.577167,127.051083
"800MHz","1-29766-1",37.551833,127.065419
"1.8GHz(20M)","1-29766-11",37.551833,127.065419
"1.8GHz(20M)","1-29766-12",37.551833,127.065419
"1.8GHz(20M)","1-29766-14",37.551983,127.067177
"1.8GHz(20M)","1-29766-15",37.56435,127.071623
"1.8GHz(20M)","1-29766-17",37.552167,127.066931
"1.8GHz(20M)","1-29766-18",37.5537,127.066653
"800MHz","1-29766-2",37.551833,127.065419
"2.1GHz(20M)","1-29766-21",37.551833,127.065419
"2.1GHz(20M)","1-29766-22",37.551833,127.065419
"2.1GHz(20M)","1-29766-24",37.551983,127.067177
"2.1GHz(20M)","1-29766-25",37.563833,127.071608
"2.1GHz(20M)","1-29766-27",37.552167,127.066931
"2.1GHz(20M)","1-29766-28",37.5537,127.066653
"800MHz","1-29766-4",37.551983,127.067177
"2.6GHz","1-29766-41",37.55685,127.06539
"2.6GHz","1-29766-42",37.55685,127.06539
"2.6GHz","1-29766-47",37.552067,127.066922
"800MHz","1-29766-5",37.557333,127.071642
"800MHz","1-29766-7",37.552167,127.066931
"800MHz","1-29766-8",37.5537,127.066653
"800MHz","1-29767-1",37.581833,127.056858
"1.8GHz(20M)","1-29767-11",37.57355,127.056595
"1.8GHz(20M)","1-29767-12",37.57355,127.056595
"1.8GHz(20M)","1-29767-14",37.5685,127.056306
"1.8GHz(20M)","1-29767-15",37.574667,127.057539
"1.8GHz(20M)","1-29767-17",37.575833,127.057372
"1.8GHz(20M)","1-29767-18",37.559133,127.057259
"800MHz","1-29767-2",37.581833,127.056858
"2.1GHz(20M)","1-29767-21",37.57355,127.056595
"2.1GHz(20M)","1-29767-22",37.57355,127.056595
"2.1GHz(20M)","1-29767-24",37.5685,127.056306
"2.1GHz(20M)","1-29767-25",37.574667,127.057539
"2.1GHz(20M)","1-29767-27",37.575867,127.057374
"2.1GHz(20M)","1-29767-28",37.559133,127.057259
"800MHz","1-29767-4",37.5685,127.056306
"2.6GHz","1-29767-45",37.577267,127.057454
"800MHz","1-29767-5",37.574667,127.057539
"800MHz","1-29767-7",37.575833,127.057094
"800MHz","1-29767-8",37.559133,127.057259
"800MHz","1-29768-1",37.582533,127.076459
"1.8GHz(20M)","1-29768-11",37.582533,127.076459
"1.8GHz(20M)","1-29768-12",37.573,127.076058
"1.8GHz(20M)","1-29768-14",37.582433,127.075147
"1.8GHz(20M)","1-29768-15",37.576,127.076842
"1.8GHz(20M)","1-29768-17",37.571833,127.0705
"1.8GHz(20M)","1-29768-18",37.576867,127.073549
"800MHz","1-29768-2",37.573,127.076058
"2.1GHz(20M)","1-29768-22",37.573,127.076058
"2.1GHz(20M)","1-29768-24",37.582433,127.075147
"2.1GHz(20M)","1-29768-25",37.576,127.076842
"2.1GHz(20M)","1-29768-27",37.571833,127.0705
"800MHz","1-29768-4",37.582433,127.075147
"2.6GHz","1-29768-48",37.577583,127.073355
"800MHz","1-29768-5",37.576,127.076842
"800MHz","1-29768-7",37.571833,127.0705
"800MHz","1-29768-8",37.576867,127.073549
"800MHz","1-29769-1",37.569833,127.074781
"1.8GHz(20M)","1-29769-11",37.569833,127.074781
"1.8GHz(20M)","1-29769-12",37.574017,127.06965
"1.8GHz(20M)","1-29769-14",37.579,127.069239
"1.8GHz(20M)","1-29769-15",37.5805,127.069575
"1.8GHz(20M)","1-29769-17",37.576833,127.068642
"1.8GHz(20M)","1-29769-18",37.582067,127.06647
"800MHz","1-29769-2",37.574017,127.06965
"2.1GHz(20M)","1-29769-21",37.578333,127.074675
"2.1GHz(20M)","1-29769-22",37.574017,127.06965
"2.1GHz(20M)","1-29769-24",37.579,127.069239
"2.1GHz(20M)","1-29769-25",37.5805,127.069575
"2.1GHz(20M)","1-29769-27",37.576833,127.068642
"800MHz","1-29769-4",37.579,127.069239
"2.6GHz","1-29769-42",37.579467,127.069856
"2.6GHz","1-29769-44",37.579,127.069239
"800MHz","1-29769-5",37.5805,127.069575
"800MHz","1-29769-7",37.576833,127.068642
"800MHz","1-29769-8",37.582067,127.06647
"800MHz","1-29770-1",37.57825,127.066387
"1.8GHz(20M)","1-29770-11",37.57825,127.066387
"1.8GHz(20M)","1-29770-12",37.5765,127.066169
"1.8GHz(20M)","1-29770-14",37.572167,127.065417
"1.8GHz(20M)","1-29770-15",37.571667,127.067556
"1.8GHz(20M)","1-29770-17",37.579667,127.064958
"1.8GHz(20M)","1-29770-18",37.5711,127.065712
"800MHz","1-29770-2",37.5765,127.066169
"2.1GHz(20M)","1-29770-21",37.57825,127.066387
"2.1GHz(20M)","1-29770-22",37.5765,127.066169
"2.1GHz(20M)","1-29770-25",37.571667,127.067556
"2.1GHz(20M)","1-29770-27",37.579667,127.064958
"800MHz","1-29770-4",37.572167,127.065417
"2.6GHz","1-29770-42",37.574417,127.066274
"2.6GHz","1-29770-45",37.567167,127.067501
"2.6GHz","1-29770-47",37.566883,127.064313
"800MHz","1-29770-5",37.571667,127.067556
"800MHz","1-29770-7",37.579667,127.064958
"800MHz","1-29770-8",37.5711,127.065712
"800MHz","1-29771-1",37.558333,127.0629
"1.8GHz(20M)","1-29771-11",37.558333,127.0629
"1.8GHz(20M)","1-29771-12",37.558333,127.064114
"1.8GHz(20M)","1-29771-14",37.554167,127.063122
"1.8GHz(20M)","1-29771-15",37.565167,127.064131
"1.8GHz(20M)","1-29771-17",37.564333,127.060864
"1.8GHz(20M)","1-29771-18",37.5665,127.058408
"800MHz","1-29771-2",37.558333,127.064114
"2.1GHz(20M)","1-29771-21",37.558333,127.0629
"2.1GHz(20M)","1-29771-22",37.558333,127.064114
"2.1GHz(20M)","1-29771-24",37.553833,127.063158
"2.1GHz(20M)","1-29771-25",37.565167,127.064131
"2.1GHz(20M)","1-29771-27",37.564333,127.060864
"2.1GHz(20M)","1-29771-28",37.5665,127.058964
"800MHz","1-29771-4",37.553833,127.063158
"2.6GHz","1-29771-41",37.550983,127.062788
"2.6GHz","1-29771-44",37.5552,127.063191
"2.6GHz","1-29771-45",37.559217,127.064391
"800MHz","1-29771-5",37.565167,127.064131
"800MHz","1-29771-7",37.5614,127.060869
"800MHz","1-29771-8",37.5665,127.058964
"800MHz","1-29772-1",37.580717,127.061252
"1.8GHz(20M)","1-29772-11",37.581867,127.061576
"1.8GHz(20M)","1-29772-14",37.573333,127.061053
"1.8GHz(20M)","1-29772-15",37.555867,127.062565
"1.8GHz(20M)","1-29772-17",37.58195,127.063928
"1.8GHz(20M)","1-29772-18",37.569783,127.066069
"2.1GHz(20M)","1-29772-21",37.580717,127.061252
"2.1GHz(20M)","1-29772-24",37.56835,127.06081
"2.1GHz(20M)","1-29772-25",37.555867,127.062565
"2.1GHz(20M)","1-29772-27",37.58195,127.063928
"2.1GHz(20M)","1-29772-28",37.574,127.065944
"800MHz","1-29772-4",37.56835,127.06081
"2.6GHz","1-29772-44",37.56835,127.06081
"2.6GHz","1-29772-47",37.580183,127.064043
"800MHz","1-29772-5",37.555867,127.062565
"800MHz","1-29772-7",37.58195,127.063928
"800MHz","1-29772-8",37.574,127.064833
"800MHz","1-29773-1",37.582667,127.058494
"1.8GHz(20M)","1-29773-11",37.599333,127.057106
"1.8GHz(20M)","1-29773-12",37.599333,127.057106
"1.8GHz(20M)","1-29773-14",37.590667,127.060139
"1.8GHz(20M)","1-29773-15",37.58255,127.055462
"1.8GHz(20M)","1-29773-17",37.571333,127.061106
"1.8GHz(20M)","1-29773-18",37.578333,127.060869
"800MHz","1-29773-2",37.582667,127.058494
"2.1GHz(20M)","1-29773-21",37.599333,127.057106
"2.1GHz(20M)","1-29773-22",37.599333,127.057106
"2.1GHz(20M)","1-29773-24",37.590667,127.060139
"2.1GHz(20M)","1-29773-25",37.5765,127.055225
"2.1GHz(20M)","1-29773-28",37.578333,127.060869
"800MHz","1-29773-4",37.590667,127.060139
"2.6GHz","1-29773-42",37.597,127.058858
"2.6GHz","1-29773-48",37.568183,127.060769
"800MHz","1-29773-5",37.5765,127.055225
"800MHz","1-29773-7",37.571333,127.061939
"800MHz","1-29773-8",37.578333,127.060869
"800MHz","1-29774-1",37.583,127.054
"1.8GHz(20M)","1-29774-11",37.583,127.054
"1.8GHz(20M)","1-29774-12",37.582517,127.05185
"1.8GHz(20M)","1-29774-14",37.569667,127.053689
"1.8GHz(20M)","1-29774-15",37.569667,127.053689
"1.8GHz(20M)","1-29774-17",37.569667,127.053689
"1.8GHz(20M)","1-29774-18",37.569667,127.053689
"800MHz","1-29774-2",37.582167,127.051825
"2.1GHz(20M)","1-29774-21",37.583,127.054
"2.1GHz(20M)","1-29774-22",37.582167,127.051825
"2.1GHz(20M)","1-29774-25",37.569683,127.054522
"800MHz","1-29774-4",37.569667,127.053689
"800MHz","1-29774-5",37.569667,127.053689
"800MHz","1-29774-7",37.569667,127.053689
"800MHz","1-29774-8",37.569667,127.053689
"800MHz","1-29775-1",37.576667,127.072044
"1.8GHz(20M)","1-29775-11",37.576667,127.072044
"1.8GHz(20M)","1-29775-12",37.576667,127.073217
"1.8GHz(20M)","1-29775-14",37.579,127.074058
"1.8GHz(20M)","1-29775-15",37.575167,127.072728
"1.8GHz(20M)","1-29775-17",37.579333,127.071461
"1.8GHz(20M)","1-29775-18",37.579333,127.071461
"800MHz","1-29775-2",37.576667,127.073217
"2.1GHz(20M)","1-29775-21",37.576667,127.072044
"2.1GHz(20M)","1-29775-22",37.576667,127.073217
"2.1GHz(20M)","1-29775-24",37.579,127.074058
"2.1GHz(20M)","1-29775-25",37.575167,127.072728
"2.1GHz(20M)","1-29775-27",37.579333,127.071461
"2.1GHz(20M)","1-29775-28",37.579333,127.071461
"800MHz","1-29775-4",37.579,127.074058
"2.6GHz","1-29775-41",37.570217,127.072073
"2.6GHz","1-29775-42",37.577367,127.073295
"2.6GHz","1-29775-44",37.577683,127.074071
"2.6GHz","1-29775-45",37.5709,127.072788
"800MHz","1-29775-5",37.575167,127.072728
"800MHz","1-29775-7",37.579333,127.071461
"800MHz","1-29775-8",37.579333,127.071461
"800MHz","1-29776-1",37.5797,127.068911
"1.8GHz(20M)","1-29776-11",37.5797,127.068911
"1.8GHz(20M)","1-29776-12",37.573,127.071047
"1.8GHz(20M)","1-29776-14",37.581833,127.069558
"1.8GHz(20M)","1-29776-15",37.581167,127.070231
"1.8GHz(20M)","1-29776-17",37.577833,127.066206
"1.8GHz(20M)","1-29776-18",37.574167,127.067536
"800MHz","1-29776-2",37.573,127.071047
"2.1GHz(20M)","1-29776-22",37.573,127.071047
"2.1GHz(20M)","1-29776-24",37.581833,127.069558
"2.1GHz(20M)","1-29776-25",37.581,127.070158
"2.1GHz(20M)","1-29776-27",37.577833,127.066206
"2.1GHz(20M)","1-29776-28",37.574167,127.067536
"800MHz","1-29776-4",37.581833,127.069558
"800MHz","1-29776-5",37.581,127.070158
"800MHz","1-29776-7",37.577833,127.066206
"800MHz","1-29776-8",37.574167,127.067536
"800MHz","1-29777-1",37.569333,127.052033
"1.8GHz(20M)","1-29777-11",37.56985,127.052046
"1.8GHz(20M)","1-29777-12",37.577367,127.052254
"1.8GHz(20M)","1-29777-14",37.570667,127.049611
"1.8GHz(20M)","1-29777-15",37.56985,127.052046
"1.8GHz(20M)","1-29777-17",37.567767,127.052387
"1.8GHz(20M)","1-29777-18",37.583167,127.054539
"800MHz","1-29777-2",37.57805,127.052298
"2.1GHz(20M)","1-29777-21",37.56985,127.052046
"2.1GHz(20M)","1-29777-22",37.578,127.052297
"2.1GHz(20M)","1-29777-24",37.570667,127.049611
"2.1GHz(20M)","1-29777-25",37.56985,127.052046
"2.1GHz(20M)","1-29777-28",37.583167,127.054539
"800MHz","1-29777-4",37.570667,127.049611
"800MHz","1-29777-5",37.569333,127.052033
"800MHz","1-29777-7",37.567767,127.052387
"800MHz","1-29777-8",37.583167,127.054539
"800MHz","1-29778-1",37.581383,127.057062
"1.8GHz(20M)","1-29778-11",37.581383,127.057062
"1.8GHz(20M)","1-29778-12",37.583233,127.052302
"1.8GHz(20M)","1-29778-14",37.573483,127.053419
"1.8GHz(20M)","1-29778-15",37.5787,127.052311
"1.8GHz(20M)","1-29778-17",37.581383,127.057062
"1.8GHz(20M)","1-29778-18",37.581383,127.057062
"800MHz","1-29778-2",37.583233,127.052302
"2.1GHz(20M)","1-29778-21",37.581383,127.057062
"2.1GHz(20M)","1-29778-22",37.583233,127.052302
"2.1GHz(20M)","1-29778-25",37.575333,127.052258
"2.1GHz(20M)","1-29778-27",37.581383,127.057062
"2.1GHz(20M)","1-29778-28",37.581383,127.057062
"800MHz","1-29778-4",37.573483,127.053419
"800MHz","1-29778-5",37.575333,127.052258
"800MHz","1-29778-7",37.581383,127.057062
"800MHz","1-29778-8",37.581383,127.057062
"800MHz","1-29779-1",37.568667,127.049675
"1.8GHz(20M)","1-29779-11",37.568667,127.049675
"1.8GHz(20M)","1-29779-12",37.570167,127.048711
"1.8GHz(20M)","1-29779-14",37.5785,127.050672
"1.8GHz(20M)","1-29779-15",37.58,127.046944
"1.8GHz(20M)","1-29779-17",37.566,127.068925
"1.8GHz(20M)","1-29779-18",37.582333,127.070972
"800MHz","1-29779-2",37.570167,127.048711
"2.1GHz(20M)","1-29779-21",37.568667,127.049675
"2.1GHz(20M)","1-29779-22",37.570167,127.048711
"2.1GHz(20M)","1-29779-24",37.5785,127.050672
"2.1GHz(20M)","1-29779-25",37.58,127.046944
"2.1GHz(20M)","1-29779-27",37.566,127.068925
"2.1GHz(20M)","1-29779-28",37.582333,127.070972
"800MHz","1-29779-4",37.5785,127.050672
"800MHz","1-29779-5",37.58,127.046944
"800MHz","1-29779-7",37.555667,127.069136
"800MHz","1-29779-8",37.582333,127.070972
